Date,Start (ET),Visitor/Neutral,PTS,Home/Neutral,PTS,,,Notes
10 29 2013,7:00 pm,Orlando Magic,87,Indiana Pacers,97,Box Score,,
10 29 2013,10:30 pm,Los Angeles Clippers,103,Los Angeles Lakers,116,Box Score,,
10 29 2013,8:00 pm,Chicago Bulls,95,Miami Heat,107,Box Score,,
10 30 2013,7:00 pm,Brooklyn Nets,94,Cleveland Cavaliers,98,Box Score,,
10 30 2013,8:30 pm,Atlanta Hawks,109,Dallas Mavericks,118,Box Score,,
10 30 2013,7:30 pm,Washington Wizards,102,Detroit Pistons,113,Box Score,,
10 30 2013,10:30 pm,Los Angeles Lakers,94,Golden State Warriors,125,Box Score,,
10 30 2013,8:00 pm,Charlotte Bobcats,83,Houston Rockets,96,Box Score,,
10 30 2013,8:00 pm,Orlando Magic,115,Minnesota Timberwolves,120,Box Score,OT,
10 30 2013,8:00 pm,Indiana Pacers,95,New Orleans Pelicans,90,Box Score,,
10 30 2013,7:30 pm,Milwaukee Bucks,83,New York Knicks,90,Box Score,,
10 30 2013,7:00 pm,Miami Heat,110,Philadelphia 76ers,114,Box Score,,
10 30 2013,10:00 pm,Portland Trail Blazers,91,Phoenix Suns,104,Box Score,,
10 30 2013,10:00 pm,Denver Nuggets,88,Sacramento Kings,90,Box Score,,
10 30 2013,8:30 pm,Memphis Grizzlies,94,San Antonio Spurs,101,Box Score,,
10 30 2013,7:00 pm,Boston Celtics,87,Toronto Raptors,93,Box Score,,
10 30 2013,9:00 pm,Oklahoma City Thunder,101,Utah Jazz,98,Box Score,,
10 31 2013,8:00 pm,New York Knicks,81,Chicago Bulls,82,Box Score,,
10 31 2013,10:30 pm,Golden State Warriors,115,Los Angeles Clippers,126,Box Score,,
11 1 2013,7:30 pm,Toronto Raptors,95,Atlanta Hawks,102,Box Score,,
11 1 2013,7:30 pm,Milwaukee Bucks,105,Boston Celtics,98,Box Score,,
11 1 2013,8:00 pm,Miami Heat,100,Brooklyn Nets,101,Box Score,,
11 1 2013,7:00 pm,Cleveland Cavaliers,84,Charlotte Bobcats,90,Box Score,,
11 1 2013,9:00 pm,Portland Trail Blazers,113,Denver Nuggets,98,Box Score,,
11 1 2013,8:00 pm,Dallas Mavericks,105,Houston Rockets,113,Box Score,,
11 1 2013,10:30 pm,San Antonio Spurs,91,Los Angeles Lakers,85,Box Score,,
11 1 2013,8:00 pm,Detroit Pistons,108,Memphis Grizzlies,111,Box Score,OT,
11 1 2013,8:00 pm,Oklahoma City Thunder,81,Minnesota Timberwolves,100,Box Score,,
11 1 2013,7:00 pm,New Orleans Pelicans,90,Orlando Magic,110,Box Score,,
11 1 2013,10:00 pm,Utah Jazz,84,Phoenix Suns,87,Box Score,,
11 1 2013,10:00 pm,Los Angeles Clippers,110,Sacramento Kings,101,Box Score,,
11 1 2013,7:00 pm,Philadelphia 76ers,109,Washington Wizards,102,Box Score,,
11 2 2013,8:30 pm,Memphis Grizzlies,99,Dallas Mavericks,111,Box Score,,
11 2 2013,10:30 pm,Sacramento Kings,87,Golden State Warriors,98,Box Score,,
11 2 2013,7:00 pm,Cleveland Cavaliers,74,Indiana Pacers,89,Box Score,,
11 2 2013,8:30 pm,Toronto Raptors,97,Milwaukee Bucks,90,Box Score,,
11 2 2013,8:00 pm,Charlotte Bobcats,84,New Orleans Pelicans,105,Box Score,,
11 2 2013,7:30 pm,Chicago Bulls,104,Philadelphia 76ers,107,Box Score,,
11 2 2013,10:00 pm,San Antonio Spurs,105,Portland Trail Blazers,115,Box Score,,
11 2 2013,9:00 pm,Houston Rockets,104,Utah Jazz,93,Box Score,,
11 3 2013,6:00 pm,Boston Celtics,77,Detroit Pistons,87,Box Score,,
11 3 2013,9:30 pm,Atlanta Hawks,103,Los Angeles Lakers,105,Box Score,,
11 3 2013,6:00 pm,Washington Wizards,93,Miami Heat,103,Box Score,,
11 3 2013,7:30 pm,Minnesota Timberwolves,109,New York Knicks,100,Box Score,,
11 3 2013,7:00 pm,Phoenix Suns,96,Oklahoma City Thunder,103,Box Score,,
11 3 2013,6:00 pm,Brooklyn Nets,86,Orlando Magic,107,Box Score,,
11 4 2013,7:00 pm,Minnesota Timberwolves,92,Cleveland Cavaliers,93,Box Score,,
11 4 2013,10:30 pm,Houston Rockets,118,Los Angeles Clippers,137,Box Score,,
11 4 2013,8:00 pm,Boston Celtics,88,Memphis Grizzlies,95,Box Score,,
11 4 2013,7:00 pm,Golden State Warriors,110,Philadelphia 76ers,90,Box Score,,
11 5 2013,7:30 pm,Utah Jazz,88,Brooklyn Nets,104,Box Score,,
11 5 2013,8:30 pm,Los Angeles Lakers,104,Dallas Mavericks,123,Box Score,,
11 5 2013,9:00 pm,San Antonio Spurs,102,Denver Nuggets,94,Box Score,,
11 5 2013,7:30 pm,Indiana Pacers,99,Detroit Pistons,91,Box Score,,
11 5 2013,8:00 pm,Phoenix Suns,104,New Orleans Pelicans,98,Box Score,,
11 5 2013,7:30 pm,Charlotte Bobcats,102,New York Knicks,97,Box Score,,
11 5 2013,10:00 pm,Houston Rockets,116,Portland Trail Blazers,101,Box Score,,
11 5 2013,10:00 pm,Atlanta Hawks,105,Sacramento Kings,100,Box Score,,
11 5 2013,7:00 pm,Miami Heat,104,Toronto Raptors,95,Box Score,,
11 6 2013,7:30 pm,Utah Jazz,87,Boston Celtics,97,Box Score,,
11 6 2013,7:00 pm,Toronto Raptors,90,Charlotte Bobcats,92,Box Score,,
11 6 2013,7:00 pm,Chicago Bulls,80,Indiana Pacers,97,Box Score,,
11 6 2013,8:00 pm,New Orleans Pelicans,99,Memphis Grizzlies,84,Box Score,,
11 6 2013,8:00 pm,Cleveland Cavaliers,104,Milwaukee Bucks,109,Box Score,,
11 6 2013,8:00 pm,Golden State Warriors,106,Minnesota Timberwolves,93,Box Score,,
11 6 2013,9:30 pm,Dallas Mavericks,93,Oklahoma City Thunder,107,Box Score,,
11 6 2013,7:00 pm,Los Angeles Clippers,90,Orlando Magic,98,Box Score,,
11 6 2013,7:00 pm,Washington Wizards,116,Philadelphia 76ers,102,Box Score,,
11 6 2013,8:30 pm,Phoenix Suns,96,San Antonio Spurs,99,Box Score,,
11 7 2013,9:00 pm,Atlanta Hawks,107,Denver Nuggets,109,Box Score,,
11 7 2013,9:30 pm,Los Angeles Lakers,99,Houston Rockets,98,Box Score,,
11 7 2013,7:00 pm,Los Angeles Clippers,97,Miami Heat,102,Box Score,,
11 8 2013,7:00 pm,New York Knicks,101,Charlotte Bobcats,91,Box Score,,
11 8 2013,8:00 pm,Utah Jazz,73,Chicago Bulls,97,Box Score,,
11 8 2013,7:30 pm,Oklahoma City Thunder,119,Detroit Pistons,110,Box Score,,
11 8 2013,7:00 pm,Toronto Raptors,84,Indiana Pacers,91,Box Score,,
11 8 2013,8:00 pm,Dallas Mavericks,108,Minnesota Timberwolves,116,Box Score,,
11 8 2013,8:00 pm,Los Angeles Lakers,85,New Orleans Pelicans,96,Box Score,,
11 8 2013,7:00 pm,Boston Celtics,91,Orlando Magic,89,Box Score,,
11 8 2013,7:00 pm,Cleveland Cavaliers,79,Philadelphia 76ers,94,Box Score,,
11 8 2013,9:00 pm,Denver Nuggets,103,Phoenix Suns,114,Box Score,,
11 8 2013,10:00 pm,Sacramento Kings,91,Portland Trail Blazers,104,Box Score,,
11 8 2013,8:30 pm,Golden State Warriors,74,San Antonio Spurs,76,Box Score,,
11 8 2013,7:00 pm,Brooklyn Nets,108,Washington Wizards,112,Box Score,OT,
11 9 2013,7:30 pm,Orlando Magic,94,Atlanta Hawks,104,Box Score,,
11 9 2013,7:30 pm,Indiana Pacers,96,Brooklyn Nets,91,Box Score,,
11 9 2013,7:30 pm,Philadelphia 76ers,125,Cleveland Cavaliers,127,Box Score,2OT,
11 9 2013,8:00 pm,Los Angeles Clippers,107,Houston Rockets,94,Box Score,,
11 9 2013,8:00 pm,Golden State Warriors,90,Memphis Grizzlies,108,Box Score,,
11 9 2013,7:30 pm,Boston Celtics,111,Miami Heat,110,Box Score,,
11 9 2013,8:30 pm,Dallas Mavericks,91,Milwaukee Bucks,83,Box Score,,
11 9 2013,10:00 pm,Portland Trail Blazers,96,Sacramento Kings,85,Box Score,,
11 9 2013,7:00 pm,Utah Jazz,91,Toronto Raptors,115,Box Score,,
11 10 2013,9:30 pm,Minnesota Timberwolves,113,Los Angeles Lakers,90,Box Score,,
11 10 2013,12:00 am,San Antonio Spurs,120,New York Knicks,89,Box Score,,
11 10 2013,7:00 pm,Washington Wizards,105,Oklahoma City Thunder,106,Box Score,OT,
11 10 2013,8:00 pm,New Orleans Pelicans,94,Phoenix Suns,101,Box Score,,
11 11 2013,7:30 pm,Orlando Magic,105,Boston Celtics,120,Box Score,,
11 11 2013,7:00 pm,Atlanta Hawks,103,Charlotte Bobcats,94,Box Score,,
11 11 2013,8:00 pm,Cleveland Cavaliers,81,Chicago Bulls,96,Box Score,,
11 11 2013,8:00 pm,Toronto Raptors,104,Houston Rockets,110,Box Score,2OT,
11 11 2013,7:00 pm,Memphis Grizzlies,79,Indiana Pacers,95,Box Score,,
11 11 2013,10:30 pm,Minnesota Timberwolves,107,Los Angeles Clippers,109,Box Score,,
11 11 2013,7:00 pm,San Antonio Spurs,109,Philadelphia 76ers,85,Box Score,,
11 11 2013,10:00 pm,Detroit Pistons,103,Portland Trail Blazers,109,Box Score,,
11 11 2013,9:00 pm,Denver Nuggets,100,Utah Jazz,81,Box Score,,
11 12 2013,8:30 pm,Washington Wizards,95,Dallas Mavericks,105,Box Score,,
11 12 2013,10:30 pm,Detroit Pistons,95,Golden State Warriors,113,Box Score,,
11 12 2013,10:30 pm,New Orleans Pelicans,95,Los Angeles Lakers,116,Box Score,,
11 12 2013,7:30 pm,Milwaukee Bucks,95,Miami Heat,118,Box Score,,
11 13 2013,8:00 pm,New York Knicks,95,Atlanta Hawks,91,Box Score,,
11 13 2013,7:30 pm,Charlotte Bobcats,89,Boston Celtics,83,Box Score,,
11 13 2013,9:00 pm,Los Angeles Lakers,99,Denver Nuggets,111,Box Score,,
11 13 2013,10:30 pm,Oklahoma City Thunder,103,Los Angeles Clippers,111,Box Score,,
11 13 2013,8:00 pm,Toronto Raptors,103,Memphis Grizzlies,87,Box Score,,
11 13 2013,8:00 pm,Cleveland Cavaliers,95,Minnesota Timberwolves,124,Box Score,,
11 13 2013,7:00 pm,Milwaukee Bucks,91,Orlando Magic,94,Box Score,,
11 13 2013,7:00 pm,Houston Rockets,117,Philadelphia 76ers,123,Box Score,OT,
11 13 2013,10:00 pm,Phoenix Suns,89,Portland Trail Blazers,90,Box Score,,
11 13 2013,10:00 pm,Brooklyn Nets,86,Sacramento Kings,107,Box Score,,
11 13 2013,8:30 pm,Washington Wizards,79,San Antonio Spurs,92,Box Score,,
11 13 2013,9:00 pm,New Orleans Pelicans,105,Utah Jazz,111,Box Score,,
11 14 2013,10:30 pm,Oklahoma City Thunder,115,Golden State Warriors,116,Box Score,,
11 14 2013,8:00 pm,Houston Rockets,109,New York Knicks,106,Box Score,,
11 15 2013,7:30 pm,Philadelphia 76ers,103,Atlanta Hawks,113,Box Score,,
11 15 2013,7:30 pm,Portland Trail Blazers,109,Boston Celtics,96,Box Score,,
11 15 2013,7:30 pm,Charlotte Bobcats,86,Cleveland Cavaliers,80,Box Score,,
11 15 2013,8:00 pm,Minnesota Timberwolves,113,Denver Nuggets,117,Box Score,,
11 15 2013,7:00 pm,Milwaukee Bucks,77,Indiana Pacers,104,Box Score,,
11 15 2013,10:30 pm,Memphis Grizzlies,89,Los Angeles Lakers,86,Box Score,,
11 15 2013,7:30 pm,Dallas Mavericks,104,Miami Heat,110,Box Score,,
11 15 2013,9:00 pm,Brooklyn Nets,100,Phoenix Suns,98,Box Score,OT,
11 15 2013,10:30 pm,Detroit Pistons,97,Sacramento Kings,90,Box Score,,
11 15 2013,7:00 pm,Chicago Bulls,96,Toronto Raptors,80,Box Score,,
11 15 2013,9:00 pm,San Antonio Spurs,91,Utah Jazz,82,Box Score,,
11 16 2013,7:00 pm,Miami Heat,97,Charlotte Bobcats,81,Box Score,,
11 16 2013,8:00 pm,Indiana Pacers,94,Chicago Bulls,110,Box Score,,
11 16 2013,10:30 pm,Utah Jazz,88,Golden State Warriors,102,Box Score,,
11 16 2013,8:00 pm,Denver Nuggets,111,Houston Rockets,122,Box Score,,
11 16 2013,10:30 pm,Brooklyn Nets,103,Los Angeles Clippers,110,Box Score,,
11 16 2013,8:30 pm,Oklahoma City Thunder,92,Milwaukee Bucks,79,Box Score,,
11 16 2013,8:00 pm,Boston Celtics,88,Minnesota Timberwolves,106,Box Score,,
11 16 2013,8:00 pm,Philadelphia 76ers,98,New Orleans Pelicans,135,Box Score,,
11 16 2013,7:30 pm,Atlanta Hawks,110,New York Knicks,90,Box Score,,
11 16 2013,7:00 pm,Dallas Mavericks,108,Orlando Magic,100,Box Score,,
11 16 2013,7:00 pm,Cleveland Cavaliers,103,Washington Wizards,96,Box Score,OT,
11 17 2013,9:30 pm,Detroit Pistons,99,Los Angeles Lakers,114,Box Score,,
11 17 2013,6:00 pm,Memphis Grizzlies,97,Sacramento Kings,86,Box Score,,
11 17 2013,1:00 pm,Portland Trail Blazers,118,Toronto Raptors,110,Box Score,OT,
11 18 2013,7:30 pm,Portland Trail Blazers,108,Brooklyn Nets,98,Box Score,,
11 18 2013,8:00 pm,Charlotte Bobcats,81,Chicago Bulls,86,Box Score,,
11 18 2013,8:30 pm,Philadelphia 76ers,94,Dallas Mavericks,97,Box Score,,
11 18 2013,10:30 pm,Memphis Grizzlies,106,Los Angeles Clippers,102,Box Score,,
11 18 2013,8:00 pm,Denver Nuggets,113,Oklahoma City Thunder,115,Box Score,,
11 18 2013,9:00 pm,Golden State Warriors,98,Utah Jazz,87,Box Score,,
11 19 2013,7:30 pm,New York Knicks,86,Detroit Pistons,92,Box Score,,
11 19 2013,8:00 pm,Boston Celtics,85,Houston Rockets,109,Box Score,,
11 19 2013,7:30 pm,Atlanta Hawks,88,Miami Heat,104,Box Score,,
11 19 2013,10:00 pm,Phoenix Suns,104,Sacramento Kings,107,Box Score,,
11 19 2013,7:00 pm,Minnesota Timberwolves,100,Washington Wizards,104,Box Score,,
11 20 2013,7:30 pm,Detroit Pistons,85,Atlanta Hawks,93,Box Score,,
11 20 2013,7:00 pm,Brooklyn Nets,91,Charlotte Bobcats,95,Box Score,,
11 20 2013,7:00 pm,Washington Wizards,98,Cleveland Cavaliers,91,Box Score,,
11 20 2013,9:30 pm,Houston Rockets,120,Dallas Mavericks,123,Box Score,,
11 20 2013,10:30 pm,Memphis Grizzlies,88,Golden State Warriors,81,Box Score,OT,
11 20 2013,8:00 pm,Portland Trail Blazers,91,Milwaukee Bucks,82,Box Score,,
11 20 2013,8:00 pm,Los Angeles Clippers,102,Minnesota Timberwolves,98,Box Score,,
11 20 2013,8:00 pm,Utah Jazz,98,New Orleans Pelicans,105,Box Score,,
11 20 2013,7:00 pm,Indiana Pacers,103,New York Knicks,96,Box Score,OT,
11 20 2013,7:00 pm,Miami Heat,120,Orlando Magic,92,Box Score,,
11 20 2013,7:00 pm,Toronto Raptors,108,Philadelphia 76ers,98,Box Score,,
11 20 2013,9:00 pm,Sacramento Kings,113,Phoenix Suns,106,Box Score,,
11 20 2013,8:30 pm,Boston Celtics,93,San Antonio Spurs,104,Box Score,,
11 21 2013,10:30 pm,Chicago Bulls,87,Denver Nuggets,97,Box Score,,
11 21 2013,8:00 pm,Los Angeles Clippers,91,Oklahoma City Thunder,105,Box Score,,
11 22 2013,7:30 pm,Indiana Pacers,97,Boston Celtics,82,Box Score,,
11 22 2013,7:00 pm,Phoenix Suns,98,Charlotte Bobcats,91,Box Score,,
11 22 2013,8:30 pm,Utah Jazz,93,Dallas Mavericks,103,Box Score,,
11 22 2013,7:30 pm,Atlanta Hawks,96,Detroit Pistons,89,Box Score,,
11 22 2013,10:30 pm,Golden State Warriors,95,Los Angeles Lakers,102,Box Score,,
11 22 2013,8:00 pm,San Antonio Spurs,102,Memphis Grizzlies,86,Box Score,,
11 22 2013,8:00 pm,Brooklyn Nets,81,Minnesota Timberwolves,111,Box Score,,
11 22 2013,8:00 pm,Cleveland Cavaliers,100,New Orleans Pelicans,104,Box Score,,
11 22 2013,7:00 pm,Milwaukee Bucks,107,Philadelphia 76ers,115,Box Score,OT,
11 22 2013,10:00 pm,Chicago Bulls,95,Portland Trail Blazers,98,Box Score,,
11 22 2013,7:00 pm,Washington Wizards,88,Toronto Raptors,96,Box Score,,
11 23 2013,7:30 pm,Boston Celtics,94,Atlanta Hawks,87,Box Score,,
11 23 2013,9:00 pm,Dallas Mavericks,100,Denver Nuggets,102,Box Score,,
11 23 2013,10:30 pm,Portland Trail Blazers,113,Golden State Warriors,101,Box Score,,
11 23 2013,8:00 pm,Minnesota Timberwolves,101,Houston Rockets,112,Box Score,,
11 23 2013,7:00 pm,Philadelphia 76ers,98,Indiana Pacers,106,Box Score,,
11 23 2013,3:30 pm,Sacramento Kings,102,Los Angeles Clippers,103,Box Score,,
11 23 2013,7:30 pm,Orlando Magic,99,Miami Heat,101,Box Score,,
11 23 2013,8:30 pm,Charlotte Bobcats,96,Milwaukee Bucks,72,Box Score,,
11 23 2013,8:30 pm,Cleveland Cavaliers,96,San Antonio Spurs,126,Box Score,,
11 23 2013,7:00 pm,New York Knicks,89,Washington Wizards,98,Box Score,,
11 24 2013,2:00 pm,Detroit Pistons,109,Brooklyn Nets,97,Box Score,,
11 24 2013,3:30 pm,Chicago Bulls,82,Los Angeles Clippers,121,Box Score,,
11 24 2013,9:30 pm,Sacramento Kings,86,Los Angeles Lakers,100,Box Score,,
11 24 2013,7:00 pm,Utah Jazz,73,Oklahoma City Thunder,95,Box Score,,
11 24 2013,6:00 pm,Phoenix Suns,104,Orlando Magic,96,Box Score,,
11 25 2013,7:00 pm,Boston Celtics,96,Charlotte Bobcats,86,Box Score,,
11 25 2013,8:30 pm,Denver Nuggets,110,Dallas Mavericks,96,Box Score,,
11 25 2013,7:30 pm,Milwaukee Bucks,94,Detroit Pistons,113,Box Score,,
11 25 2013,7:00 pm,Minnesota Timberwolves,84,Indiana Pacers,98,Box Score,,
11 25 2013,8:00 pm,Houston Rockets,93,Memphis Grizzlies,86,Box Score,,
11 25 2013,7:30 pm,Phoenix Suns,92,Miami Heat,107,Box Score,,
11 25 2013,10:00 pm,New York Knicks,91,Portland Trail Blazers,102,Box Score,,
11 25 2013,8:30 pm,New Orleans Pelicans,93,San Antonio Spurs,112,Box Score,,
11 25 2013,9:00 pm,Chicago Bulls,83,Utah Jazz,89,Box Score,OT,
11 26 2013,7:30 pm,Orlando Magic,109,Atlanta Hawks,92,Box Score,,
11 26 2013,8:00 pm,Golden State Warriors,102,New Orleans Pelicans,101,Box Score,,
11 26 2013,7:00 pm,Brooklyn Nets,102,Toronto Raptors,100,Box Score,,
11 26 2013,7:00 pm,Los Angeles Lakers,111,Washington Wizards,116,Box Score,,
11 27 2013,7:30 pm,Memphis Grizzlies,100,Boston Celtics,93,Box Score,,
11 27 2013,7:30 pm,Los Angeles Lakers,99,Brooklyn Nets,94,Box Score,,
11 27 2013,7:00 pm,Indiana Pacers,99,Charlotte Bobcats,74,Box Score,,
11 27 2013,7:30 pm,Miami Heat,95,Cleveland Cavaliers,84,Box Score,,
11 27 2013,8:30 pm,Golden State Warriors,99,Dallas Mavericks,103,Box Score,,
11 27 2013,7:30 pm,Chicago Bulls,99,Detroit Pistons,79,Box Score,,
11 27 2013,8:00 pm,Atlanta Hawks,84,Houston Rockets,113,Box Score,,
11 27 2013,10:30 pm,New York Knicks,80,Los Angeles Clippers,93,Box Score,,
11 27 2013,8:00 pm,Washington Wizards,100,Milwaukee Bucks,92,Box Score,OT,
11 27 2013,8:00 pm,Denver Nuggets,117,Minnesota Timberwolves,110,Box Score,,
11 27 2013,8:00 pm,San Antonio Spurs,88,Oklahoma City Thunder,94,Box Score,,
11 27 2013,7:00 pm,Philadelphia 76ers,94,Orlando Magic,105,Box Score,,
11 27 2013,9:00 pm,Portland Trail Blazers,106,Phoenix Suns,120,Box Score,,
11 29 2013,7:30 pm,Dallas Mavericks,87,Atlanta Hawks,88,Box Score,,
11 29 2013,7:30 pm,Cleveland Cavaliers,86,Boston Celtics,103,Box Score,,
11 29 2013,7:00 pm,Milwaukee Bucks,76,Charlotte Bobcats,92,Box Score,,
11 29 2013,9:00 pm,New York Knicks,95,Denver Nuggets,97,Box Score,,
11 29 2013,7:30 pm,Los Angeles Lakers,106,Detroit Pistons,102,Box Score,,
11 29 2013,8:00 pm,Brooklyn Nets,95,Houston Rockets,114,Box Score,,
11 29 2013,8:00 pm,Washington Wizards,73,Indiana Pacers,93,Box Score,,
11 29 2013,8:00 pm,Golden State Warriors,112,Oklahoma City Thunder,113,Box Score,OT,
11 29 2013,7:00 pm,San Antonio Spurs,109,Orlando Magic,91,Box Score,,
11 29 2013,8:00 pm,New Orleans Pelicans,121,Philadelphia 76ers,105,Box Score,,
11 29 2013,10:00 pm,Los Angeles Clippers,104,Sacramento Kings,98,Box Score,OT,
11 29 2013,7:00 pm,Miami Heat,90,Toronto Raptors,83,Box Score,,
11 29 2013,9:00 pm,Phoenix Suns,112,Utah Jazz,101,Box Score,,
11 30 2013,7:30 pm,Chicago Bulls,93,Cleveland Cavaliers,97,Box Score,,
11 30 2013,8:30 pm,Minnesota Timberwolves,112,Dallas Mavericks,106,Box Score,,
11 30 2013,8:00 pm,Brooklyn Nets,97,Memphis Grizzlies,88,Box Score,,
11 30 2013,9:00 pm,Boston Celtics,85,Milwaukee Bucks,92,Box Score,,
11 30 2013,9:00 pm,Utah Jazz,112,Phoenix Suns,104,Box Score,,
11 30 2013,8:30 pm,Houston Rockets,112,San Antonio Spurs,106,Box Score,,
11 30 2013,7:00 pm,Atlanta Hawks,101,Washington Wizards,108,Box Score,,
12 1 2013,3:30 pm,Philadelphia 76ers,100,Detroit Pistons,115,Box Score,,
12 1 2013,3:30 pm,Indiana Pacers,105,Los Angeles Clippers,100,Box Score,,
12 1 2013,9:30 pm,Portland Trail Blazers,114,Los Angeles Lakers,108,Box Score,,
12 1 2013,6:00 pm,Charlotte Bobcats,98,Miami Heat,99,Box Score,,
12 1 2013,7:30 pm,New Orleans Pelicans,103,New York Knicks,99,Box Score,,
12 1 2013,7:00 pm,Minnesota Timberwolves,103,Oklahoma City Thunder,113,Box Score,,
12 1 2013,6:00 pm,Golden State Warriors,115,Sacramento Kings,113,Box Score,,
12 1 2013,1:00 pm,Denver Nuggets,112,Toronto Raptors,98,Box Score,,
12 2 2013,8:00 pm,New Orleans Pelicans,131,Chicago Bulls,128,Box Score,3OT,
12 2 2013,10:00 pm,Indiana Pacers,102,Portland Trail Blazers,106,Box Score,,
12 2 2013,8:30 pm,Atlanta Hawks,100,San Antonio Spurs,102,Box Score,,
12 2 2013,9:00 pm,Houston Rockets,103,Utah Jazz,109,Box Score,,
12 2 2013,7:00 pm,Orlando Magic,80,Washington Wizards,98,Box Score,,
12 3 2013,7:30 pm,Milwaukee Bucks,100,Boston Celtics,108,Box Score,,
12 3 2013,7:30 pm,Denver Nuggets,111,Brooklyn Nets,87,Box Score,,
12 3 2013,8:30 pm,Charlotte Bobcats,82,Dallas Mavericks,89,Box Score,,
12 3 2013,10:30 pm,Toronto Raptors,103,Golden State Warriors,112,Box Score,,
12 3 2013,8:00 pm,Phoenix Suns,91,Memphis Grizzlies,110,Box Score,,
12 3 2013,7:30 pm,Detroit Pistons,107,Miami Heat,97,Box Score,,
12 3 2013,7:00 pm,Orlando Magic,125,Philadelphia 76ers,126,Box Score,2OT,
12 3 2013,10:00 pm,Oklahoma City Thunder,97,Sacramento Kings,95,Box Score,,
12 4 2013,7:30 pm,Los Angeles Clippers,97,Atlanta Hawks,107,Box Score,,
12 4 2013,7:00 pm,Denver Nuggets,88,Cleveland Cavaliers,98,Box Score,,
12 4 2013,8:00 pm,Phoenix Suns,97,Houston Rockets,88,Box Score,,
12 4 2013,8:00 pm,Detroit Pistons,105,Milwaukee Bucks,98,Box Score,,
12 4 2013,8:00 pm,Dallas Mavericks,100,New Orleans Pelicans,97,Box Score,,
12 4 2013,10:00 pm,Oklahoma City Thunder,104,Portland Trail Blazers,111,Box Score,,
12 4 2013,9:00 pm,Indiana Pacers,95,Utah Jazz,86,Box Score,,
12 5 2013,7:00 pm,New York Knicks,113,Brooklyn Nets,83,Box Score,,
12 5 2013,9:30 pm,Miami Heat,87,Chicago Bulls,107,Box Score,,
12 5 2013,8:00 pm,Los Angeles Clippers,101,Memphis Grizzlies,81,Box Score,,
12 6 2013,7:30 pm,Cleveland Cavaliers,89,Atlanta Hawks,108,Box Score,,
12 6 2013,7:30 pm,Denver Nuggets,98,Boston Celtics,106,Box Score,,
12 6 2013,7:00 pm,Philadelphia 76ers,88,Charlotte Bobcats,105,Box Score,,
12 6 2013,8:00 pm,Golden State Warriors,83,Houston Rockets,105,Box Score,,
12 6 2013,8:00 pm,Oklahoma City Thunder,109,New Orleans Pelicans,95,Box Score,,
12 6 2013,7:30 pm,Orlando Magic,83,New York Knicks,121,Box Score,,
12 6 2013,9:00 pm,Toronto Raptors,97,Phoenix Suns,106,Box Score,,
12 6 2013,10:00 pm,Utah Jazz,98,Portland Trail Blazers,130,Box Score,,
12 6 2013,10:00 pm,Los Angeles Lakers,106,Sacramento Kings,100,Box Score,,
12 6 2013,7:00 pm,Milwaukee Bucks,109,Washington Wizards,105,Box Score,OT,
12 7 2013,8:00 pm,Detroit Pistons,92,Chicago Bulls,75,Box Score,,
12 7 2013,7:30 pm,Los Angeles Clippers,82,Cleveland Cavaliers,88,Box Score,,
12 7 2013,8:00 pm,Golden State Warriors,108,Memphis Grizzlies,82,Box Score,,
12 7 2013,8:30 pm,Brooklyn Nets,90,Milwaukee Bucks,82,Box Score,,
12 7 2013,8:00 pm,Miami Heat,103,Minnesota Timberwolves,82,Box Score,,
12 7 2013,7:00 pm,Denver Nuggets,103,Philadelphia 76ers,92,Box Score,,
12 7 2013,10:00 pm,Dallas Mavericks,108,Portland Trail Blazers,106,Box Score,,
12 7 2013,8:30 pm,Indiana Pacers,111,San Antonio Spurs,100,Box Score,,
12 7 2013,9:00 pm,Sacramento Kings,112,Utah Jazz,102,Box Score,OT,
12 8 2013,6:00 pm,Miami Heat,110,Detroit Pistons,95,Box Score,,
12 8 2013,7:00 pm,Orlando Magic,88,Houston Rockets,98,Box Score,,
12 8 2013,9:30 pm,Toronto Raptors,106,Los Angeles Lakers,94,Box Score,,
12 8 2013,12:00 am,Boston Celtics,114,New York Knicks,73,Box Score,,
12 8 2013,7:00 pm,Indiana Pacers,94,Oklahoma City Thunder,118,Box Score,,
12 9 2013,7:00 pm,Golden State Warriors,111,Charlotte Bobcats,115,Box Score,,
12 9 2013,8:00 pm,Orlando Magic,85,Memphis Grizzlies,94,Box Score,,
12 9 2013,7:00 pm,Los Angeles Clippers,94,Philadelphia 76ers,83,Box Score,,
12 9 2013,10:00 pm,Dallas Mavericks,97,Sacramento Kings,112,Box Score,,
12 9 2013,9:00 pm,Portland Trail Blazers,105,Utah Jazz,94,Box Score,,
12 9 2013,7:00 pm,Denver Nuggets,75,Washington Wizards,74,Box Score,,
12 10 2013,7:30 pm,Oklahoma City Thunder,101,Atlanta Hawks,92,Box Score,,
12 10 2013,7:30 pm,Boston Celtics,96,Brooklyn Nets,104,Box Score,,
12 10 2013,8:00 pm,Milwaukee Bucks,78,Chicago Bulls,74,Box Score,,
12 10 2013,7:00 pm,New York Knicks,94,Cleveland Cavaliers,109,Box Score,,
12 10 2013,7:30 pm,Minnesota Timberwolves,121,Detroit Pistons,94,Box Score,,
12 10 2013,7:00 pm,Miami Heat,84,Indiana Pacers,90,Box Score,,
12 10 2013,10:30 pm,Phoenix Suns,114,Los Angeles Lakers,108,Box Score,,
12 10 2013,7:00 pm,San Antonio Spurs,116,Toronto Raptors,103,Box Score,,
12 11 2013,7:30 pm,Los Angeles Clippers,96,Boston Celtics,88,Box Score,,
12 11 2013,7:00 pm,Orlando Magic,92,Charlotte Bobcats,83,Box Score,,
12 11 2013,10:30 pm,Dallas Mavericks,93,Golden State Warriors,95,Box Score,,
12 11 2013,8:00 pm,Oklahoma City Thunder,116,Memphis Grizzlies,100,Box Score,,
12 11 2013,8:00 pm,San Antonio Spurs,109,Milwaukee Bucks,77,Box Score,,
12 11 2013,8:00 pm,Philadelphia 76ers,99,Minnesota Timberwolves,106,Box Score,,
12 11 2013,8:00 pm,Detroit Pistons,106,New Orleans Pelicans,111,Box Score,OT,
12 11 2013,8:00 pm,Chicago Bulls,78,New York Knicks,83,Box Score,,
12 11 2013,10:00 pm,Utah Jazz,122,Sacramento Kings,101,Box Score,,
12 12 2013,8:00 pm,Los Angeles Clippers,93,Brooklyn Nets,102,Box Score,,
12 12 2013,10:30 pm,Houston Rockets,104,Portland Trail Blazers,111,Box Score,,
12 13 2013,7:30 pm,Washington Wizards,99,Atlanta Hawks,101,Box Score,OT,
12 13 2013,7:30 pm,New York Knicks,86,Boston Celtics,90,Box Score,,
12 13 2013,9:00 pm,Utah Jazz,103,Denver Nuggets,93,Box Score,,
12 13 2013,7:30 pm,Brooklyn Nets,99,Detroit Pistons,103,Box Score,,
12 13 2013,10:30 pm,Houston Rockets,116,Golden State Warriors,112,Box Score,,
12 13 2013,7:00 pm,Charlotte Bobcats,94,Indiana Pacers,99,Box Score,,
12 13 2013,8:30 pm,Chicago Bulls,91,Milwaukee Bucks,90,Box Score,,
12 13 2013,8:00 pm,Memphis Grizzlies,98,New Orleans Pelicans,104,Box Score,,
12 13 2013,8:00 pm,Los Angeles Lakers,97,Oklahoma City Thunder,122,Box Score,,
12 13 2013,7:00 pm,Cleveland Cavaliers,109,Orlando Magic,100,Box Score,,
12 13 2013,9:00 pm,Sacramento Kings,107,Phoenix Suns,116,Box Score,,
12 13 2013,8:30 pm,Minnesota Timberwolves,110,San Antonio Spurs,117,Box Score,,
12 13 2013,7:00 pm,Philadelphia 76ers,100,Toronto Raptors,108,Box Score,,
12 14 2013,7:00 pm,Los Angeles Lakers,88,Charlotte Bobcats,85,Box Score,,
12 14 2013,8:00 pm,Toronto Raptors,99,Chicago Bulls,77,Box Score,,
12 14 2013,8:30 pm,Milwaukee Bucks,93,Dallas Mavericks,106,Box Score,,
12 14 2013,7:30 pm,Cleveland Cavaliers,107,Miami Heat,114,Box Score,,
12 14 2013,7:30 pm,Atlanta Hawks,106,New York Knicks,111,Box Score,,
12 14 2013,8:00 pm,Portland Trail Blazers,139,Philadelphia 76ers,105,Box Score,,
12 14 2013,9:00 pm,San Antonio Spurs,100,Utah Jazz,84,Box Score,,
12 14 2013,7:00 pm,Los Angeles Clippers,113,Washington Wizards,97,Box Score,,
12 15 2013,8:00 pm,New Orleans Pelicans,93,Denver Nuggets,102,Box Score,,
12 15 2013,6:00 pm,Portland Trail Blazers,111,Detroit Pistons,109,Box Score,OT,
12 15 2013,6:00 pm,Minnesota Timberwolves,101,Memphis Grizzlies,93,Box Score,,
12 15 2013,7:00 pm,Orlando Magic,98,Oklahoma City Thunder,101,Box Score,,
12 15 2013,8:00 pm,Golden State Warriors,102,Phoenix Suns,106,Box Score,,
12 15 2013,6:00 pm,Houston Rockets,91,Sacramento Kings,106,Box Score,,
12 16 2013,7:30 pm,Los Angeles Lakers,100,Atlanta Hawks,114,Box Score,,
12 16 2013,7:30 pm,Minnesota Timberwolves,97,Boston Celtics,101,Box Score,,
12 16 2013,7:30 pm,Philadelphia 76ers,94,Brooklyn Nets,130,Box Score,,
12 16 2013,8:00 pm,Orlando Magic,83,Chicago Bulls,82,Box Score,,
12 16 2013,7:00 pm,Detroit Pistons,101,Indiana Pacers,96,Box Score,,
12 16 2013,10:30 pm,San Antonio Spurs,92,Los Angeles Clippers,115,Box Score,,
12 16 2013,7:30 pm,Utah Jazz,94,Miami Heat,117,Box Score,,
12 16 2013,7:30 pm,Washington Wizards,102,New York Knicks,101,Box Score,,
12 17 2013,7:00 pm,Sacramento Kings,87,Charlotte Bobcats,95,Box Score,,
12 17 2013,7:00 pm,Portland Trail Blazers,119,Cleveland Cavaliers,116,Box Score,,
12 17 2013,9:00 pm,Oklahoma City Thunder,105,Denver Nuggets,93,Box Score,,
12 17 2013,10:30 pm,New Orleans Pelicans,93,Golden State Warriors,104,Box Score,,
12 17 2013,8:00 pm,Los Angeles Lakers,96,Memphis Grizzlies,92,Box Score,,
12 18 2013,7:30 pm,Sacramento Kings,107,Atlanta Hawks,124,Box Score,,
12 18 2013,7:30 pm,Detroit Pistons,107,Boston Celtics,106,Box Score,,
12 18 2013,7:30 pm,Washington Wizards,113,Brooklyn Nets,107,Box Score,,
12 18 2013,8:30 pm,Memphis Grizzlies,91,Dallas Mavericks,105,Box Score,,
12 18 2013,9:30 pm,Chicago Bulls,94,Houston Rockets,109,Box Score,,
12 18 2013,10:30 pm,New Orleans Pelicans,95,Los Angeles Clippers,108,Box Score,,
12 18 2013,7:00 pm,Indiana Pacers,94,Miami Heat,97,Box Score,,
12 18 2013,8:00 pm,New York Knicks,107,Milwaukee Bucks,101,Box Score,2OT,
12 18 2013,8:00 pm,Portland Trail Blazers,109,Minnesota Timberwolves,120,Box Score,,
12 18 2013,7:00 pm,Utah Jazz,86,Orlando Magic,82,Box Score,,
12 18 2013,9:00 pm,San Antonio Spurs,108,Phoenix Suns,101,Box Score,,
12 18 2013,7:00 pm,Charlotte Bobcats,104,Toronto Raptors,102,Box Score,OT,
12 19 2013,10:30 pm,San Antonio Spurs,104,Golden State Warriors,102,Box Score,,
12 19 2013,8:00 pm,Chicago Bulls,95,Oklahoma City Thunder,107,Box Score,,
12 20 2013,7:30 pm,Utah Jazz,85,Atlanta Hawks,118,Box Score,,
12 20 2013,7:30 pm,Milwaukee Bucks,111,Cleveland Cavaliers,114,Box Score,OT,
12 20 2013,8:30 pm,Toronto Raptors,109,Dallas Mavericks,108,Box Score,OT,
12 20 2013,9:00 pm,Phoenix Suns,103,Denver Nuggets,99,Box Score,,
12 20 2013,7:30 pm,Charlotte Bobcats,116,Detroit Pistons,106,Box Score,,
12 20 2013,8:00 pm,Houston Rockets,81,Indiana Pacers,114,Box Score,,
12 20 2013,10:30 pm,Minnesota Timberwolves,91,Los Angeles Lakers,104,Box Score,,
12 20 2013,7:30 pm,Sacramento Kings,103,Miami Heat,122,Box Score,,
12 20 2013,7:00 pm,Brooklyn Nets,120,Philadelphia 76ers,121,Box Score,OT,
12 21 2013,1:00 pm,Washington Wizards,106,Boston Celtics,99,Box Score,,
12 21 2013,7:30 pm,Utah Jazz,88,Charlotte Bobcats,85,Box Score,,
12 21 2013,8:00 pm,Cleveland Cavaliers,84,Chicago Bulls,100,Box Score,,
12 21 2013,7:30 pm,Houston Rockets,114,Detroit Pistons,97,Box Score,,
12 21 2013,10:30 pm,Los Angeles Lakers,83,Golden State Warriors,102,Box Score,,
12 21 2013,10:30 pm,Denver Nuggets,91,Los Angeles Clippers,112,Box Score,,
12 21 2013,8:30 pm,Philadelphia 76ers,106,Milwaukee Bucks,116,Box Score,,
12 21 2013,12:00 am,Memphis Grizzlies,95,New York Knicks,87,Box Score,,
12 21 2013,7:00 pm,Sacramento Kings,105,Orlando Magic,100,Box Score,,
12 21 2013,9:00 pm,Dallas Mavericks,108,Phoenix Suns,123,Box Score,,
12 21 2013,10:00 pm,New Orleans Pelicans,107,Portland Trail Blazers,110,Box Score,,
12 21 2013,8:30 pm,Oklahoma City Thunder,113,San Antonio Spurs,100,Box Score,,
12 22 2013,6:00 pm,Boston Celtics,79,Indiana Pacers,106,Box Score,,
12 22 2013,9:30 pm,Minnesota Timberwolves,116,Los Angeles Clippers,120,Box Score,OT,
12 22 2013,7:00 pm,Toronto Raptors,104,Oklahoma City Thunder,98,Box Score,,
12 23 2013,7:30 pm,Indiana Pacers,103,Brooklyn Nets,86,Box Score,,
12 23 2013,7:00 pm,Milwaukee Bucks,110,Charlotte Bobcats,111,Box Score,OT,
12 23 2013,7:00 pm,Detroit Pistons,115,Cleveland Cavaliers,92,Box Score,,
12 23 2013,9:00 pm,Golden State Warriors,89,Denver Nuggets,81,Box Score,,
12 23 2013,8:00 pm,Dallas Mavericks,111,Houston Rockets,104,Box Score,,
12 23 2013,8:00 pm,Utah Jazz,94,Memphis Grizzlies,104,Box Score,,
12 23 2013,7:30 pm,Atlanta Hawks,119,Miami Heat,121,Box Score,OT,
12 23 2013,7:00 pm,New York Knicks,103,Orlando Magic,98,Box Score,,
12 23 2013,9:00 pm,Los Angeles Lakers,90,Phoenix Suns,117,Box Score,,
12 23 2013,10:00 pm,New Orleans Pelicans,113,Sacramento Kings,100,Box Score,,
12 23 2013,8:30 pm,Toronto Raptors,99,San Antonio Spurs,112,Box Score,,
12 25 2013,12:00 am,Chicago Bulls,95,Brooklyn Nets,78,Box Score,,
12 25 2013,10:30 pm,Los Angeles Clippers,103,Golden State Warriors,105,Box Score,,
12 25 2013,5:00 pm,Miami Heat,101,Los Angeles Lakers,95,Box Score,,
12 25 2013,2:30 pm,Oklahoma City Thunder,123,New York Knicks,94,Box Score,,
12 25 2013,8:00 pm,Houston Rockets,111,San Antonio Spurs,98,Box Score,,
12 26 2013,7:00 pm,Atlanta Hawks,127,Cleveland Cavaliers,125,Box Score,2OT,
12 26 2013,8:30 pm,San Antonio Spurs,116,Dallas Mavericks,107,Box Score,,
12 26 2013,8:00 pm,Memphis Grizzlies,92,Houston Rockets,100,Box Score,,
12 26 2013,10:30 pm,Los Angeles Clippers,112,Portland Trail Blazers,116,Box Score,OT,
12 27 2013,7:30 pm,Milwaukee Bucks,93,Brooklyn Nets,104,Box Score,,
12 27 2013,7:00 pm,Oklahoma City Thunder,89,Charlotte Bobcats,85,Box Score,,
12 27 2013,10:30 pm,Phoenix Suns,86,Golden State Warriors,115,Box Score,,
12 27 2013,8:00 pm,Washington Wizards,98,Minnesota Timberwolves,120,Box Score,,
12 27 2013,8:00 pm,Denver Nuggets,89,New Orleans Pelicans,105,Box Score,,
12 27 2013,7:30 pm,Toronto Raptors,95,New York Knicks,83,Box Score,,
12 27 2013,7:00 pm,Detroit Pistons,92,Orlando Magic,109,Box Score,,
12 27 2013,10:00 pm,Miami Heat,103,Sacramento Kings,108,Box Score,OT,
12 27 2013,9:00 pm,Los Angeles Lakers,103,Utah Jazz,105,Box Score,,
12 28 2013,7:30 pm,Charlotte Bobcats,116,Atlanta Hawks,118,Box Score,OT,
12 28 2013,1:00 pm,Cleveland Cavaliers,100,Boston Celtics,103,Box Score,,
12 28 2013,8:00 pm,Dallas Mavericks,105,Chicago Bulls,83,Box Score,,
12 28 2013,8:00 pm,New Orleans Pelicans,98,Houston Rockets,107,Box Score,,
12 28 2013,7:00 pm,Brooklyn Nets,91,Indiana Pacers,105,Box Score,,
12 28 2013,10:30 pm,Utah Jazz,90,Los Angeles Clippers,98,Box Score,,
12 28 2013,8:00 pm,Denver Nuggets,99,Memphis Grizzlies,120,Box Score,,
12 28 2013,8:30 pm,Minnesota Timberwolves,117,Milwaukee Bucks,95,Box Score,,
12 28 2013,9:00 pm,Philadelphia 76ers,101,Phoenix Suns,115,Box Score,,
12 28 2013,10:00 pm,Miami Heat,108,Portland Trail Blazers,107,Box Score,,
12 28 2013,7:00 pm,New York Knicks,100,Toronto Raptors,115,Box Score,,
12 28 2013,7:00 pm,Detroit Pistons,82,Washington Wizards,106,Box Score,,
12 29 2013,6:00 pm,Golden State Warriors,108,Cleveland Cavaliers,104,Box Score,OT,
12 29 2013,9:30 pm,Philadelphia 76ers,111,Los Angeles Lakers,104,Box Score,,
12 29 2013,7:00 pm,Houston Rockets,86,Oklahoma City Thunder,117,Box Score,,
12 29 2013,6:00 pm,Atlanta Hawks,102,Orlando Magic,109,Box Score,,
12 29 2013,7:00 pm,Sacramento Kings,104,San Antonio Spurs,112,Box Score,,
12 30 2013,9:00 pm,Miami Heat,97,Denver Nuggets,94,Box Score,,
12 30 2013,7:30 pm,Washington Wizards,106,Detroit Pistons,99,Box Score,,
12 30 2013,10:30 pm,Phoenix Suns,107,Los Angeles Clippers,88,Box Score,,
12 30 2013,8:00 pm,Chicago Bulls,95,Memphis Grizzlies,91,Box Score,,
12 30 2013,8:00 pm,Dallas Mavericks,100,Minnesota Timberwolves,98,Box Score,,
12 30 2013,8:00 pm,Portland Trail Blazers,108,New Orleans Pelicans,110,Box Score,,
12 30 2013,9:00 pm,Charlotte Bobcats,80,Utah Jazz,83,Box Score,,
12 31 2013,1:00 pm,Atlanta Hawks,92,Boston Celtics,91,Box Score,,
12 31 2013,8:00 pm,Toronto Raptors,85,Chicago Bulls,79,Box Score,,
12 31 2013,7:00 pm,Sacramento Kings,110,Houston Rockets,106,Box Score,,
12 31 2013,3:00 pm,Cleveland Cavaliers,76,Indiana Pacers,91,Box Score,,
12 31 2013,10:30 pm,Milwaukee Bucks,94,Los Angeles Lakers,79,Box Score,,
12 31 2013,8:00 pm,Portland Trail Blazers,98,Oklahoma City Thunder,94,Box Score,,
12 31 2013,5:00 pm,Golden State Warriors,94,Orlando Magic,81,Box Score,,
12 31 2013,7:00 pm,Brooklyn Nets,92,San Antonio Spurs,113,Box Score,,
1 1 2014,9:00 pm,Philadelphia 76ers,114,Denver Nuggets,102,Box Score,,
1 1 2014,9:30 pm,Charlotte Bobcats,85,Los Angeles Clippers,112,Box Score,,
1 1 2014,8:00 pm,New Orleans Pelicans,112,Minnesota Timberwolves,124,Box Score,,
1 1 2014,7:00 pm,Indiana Pacers,82,Toronto Raptors,95,Box Score,,
1 1 2014,6:00 pm,Dallas Mavericks,87,Washington Wizards,78,Box Score,,
1 2 2014,8:00 pm,Boston Celtics,82,Chicago Bulls,94,Box Score,,
1 2 2014,7:00 pm,Orlando Magic,81,Cleveland Cavaliers,87,Box Score,OT,
1 2 2014,7:30 pm,Golden State Warriors,123,Miami Heat,114,Box Score,,
1 2 2014,8:00 pm,Brooklyn Nets,95,Oklahoma City Thunder,93,Box Score,,
1 2 2014,9:00 pm,Memphis Grizzlies,99,Phoenix Suns,91,Box Score,,
1 2 2014,10:00 pm,Charlotte Bobcats,104,Portland Trail Blazers,134,Box Score,,
1 2 2014,10:00 pm,Philadelphia 76ers,113,Sacramento Kings,104,Box Score,,
1 2 2014,8:30 pm,New York Knicks,105,San Antonio Spurs,101,Box Score,,
1 2 2014,9:00 pm,Milwaukee Bucks,87,Utah Jazz,96,Box Score,,
1 3 2014,7:30 pm,Golden State Warriors,101,Atlanta Hawks,100,Box Score,,
1 3 2014,7:30 pm,New Orleans Pelicans,95,Boston Celtics,92,Box Score,,
1 3 2014,8:30 pm,Los Angeles Clippers,119,Dallas Mavericks,112,Box Score,,
1 3 2014,9:00 pm,Memphis Grizzlies,108,Denver Nuggets,111,Box Score,,
1 3 2014,8:00 pm,New York Knicks,100,Houston Rockets,102,Box Score,,
1 3 2014,10:30 pm,Utah Jazz,99,Los Angeles Lakers,110,Box Score,,
1 3 2014,7:00 pm,Toronto Raptors,101,Washington Wizards,88,Box Score,,
1 4 2014,7:30 pm,Cleveland Cavaliers,82,Brooklyn Nets,89,Box Score,,
1 4 2014,8:00 pm,Atlanta Hawks,84,Chicago Bulls,91,Box Score,,
1 4 2014,7:00 pm,New Orleans Pelicans,82,Indiana Pacers,99,Box Score,,
1 4 2014,8:00 pm,Oklahoma City Thunder,115,Minnesota Timberwolves,111,Box Score,,
1 4 2014,7:00 pm,Miami Heat,110,Orlando Magic,94,Box Score,,
1 4 2014,9:00 pm,Milwaukee Bucks,100,Phoenix Suns,116,Box Score,,
1 4 2014,10:00 pm,Philadelphia 76ers,101,Portland Trail Blazers,99,Box Score,,
1 4 2014,10:00 pm,Charlotte Bobcats,113,Sacramento Kings,103,Box Score,,
1 4 2014,8:30 pm,Los Angeles Clippers,92,San Antonio Spurs,116,Box Score,,
1 5 2014,6:00 pm,Indiana Pacers,82,Cleveland Cavaliers,78,Box Score,,
1 5 2014,7:30 pm,New York Knicks,92,Dallas Mavericks,80,Box Score,,
1 5 2014,1:00 pm,Memphis Grizzlies,112,Detroit Pistons,84,Box Score,,
1 5 2014,9:30 pm,Denver Nuggets,137,Los Angeles Lakers,115,Box Score,,
1 5 2014,6:00 pm,Toronto Raptors,97,Miami Heat,102,Box Score,,
1 5 2014,7:00 pm,Boston Celtics,96,Oklahoma City Thunder,119,Box Score,,
1 5 2014,6:00 pm,Golden State Warriors,112,Washington Wizards,96,Box Score,,
1 6 2014,7:30 pm,Atlanta Hawks,86,Brooklyn Nets,91,Box Score,,
1 6 2014,10:30 pm,Orlando Magic,81,Los Angeles Clippers,101,Box Score,,
1 6 2014,7:00 pm,Minnesota Timberwolves,126,Philadelphia 76ers,95,Box Score,,
1 7 2014,7:00 pm,Washington Wizards,97,Charlotte Bobcats,83,Box Score,,
1 7 2014,8:00 pm,Phoenix Suns,87,Chicago Bulls,92,Box Score,,
1 7 2014,7:00 pm,Philadelphia 76ers,93,Cleveland Cavaliers,111,Box Score,,
1 7 2014,8:30 pm,Los Angeles Lakers,97,Dallas Mavericks,110,Box Score,,
1 7 2014,9:00 pm,Boston Celtics,98,Denver Nuggets,129,Box Score,,
1 7 2014,7:00 pm,Toronto Raptors,79,Indiana Pacers,86,Box Score,,
1 7 2014,8:00 pm,San Antonio Spurs,110,Memphis Grizzlies,108,Box Score,OT,
1 7 2014,7:30 pm,New Orleans Pelicans,88,Miami Heat,107,Box Score,,
1 7 2014,8:00 pm,Golden State Warriors,101,Milwaukee Bucks,80,Box Score,,
1 7 2014,7:30 pm,Detroit Pistons,85,New York Knicks,89,Box Score,,
1 7 2014,10:00 pm,Portland Trail Blazers,119,Sacramento Kings,123,Box Score,,
1 7 2014,9:00 pm,Oklahoma City Thunder,101,Utah Jazz,112,Box Score,,
1 8 2014,7:30 pm,Indiana Pacers,87,Atlanta Hawks,97,Box Score,,
1 8 2014,7:30 pm,Golden State Warriors,98,Brooklyn Nets,102,Box Score,,
1 8 2014,8:00 pm,Los Angeles Lakers,99,Houston Rockets,113,Box Score,,
1 8 2014,10:30 pm,Boston Celtics,105,Los Angeles Clippers,111,Box Score,,
1 8 2014,9:30 pm,Phoenix Suns,104,Minnesota Timberwolves,103,Box Score,,
1 8 2014,8:00 pm,Washington Wizards,102,New Orleans Pelicans,96,Box Score,,
1 8 2014,10:00 pm,Orlando Magic,94,Portland Trail Blazers,110,Box Score,,
1 8 2014,7:00 pm,Dallas Mavericks,90,San Antonio Spurs,112,Box Score,,
1 8 2014,7:00 pm,Detroit Pistons,91,Toronto Raptors,112,Box Score,,
1 9 2014,10:30 pm,Oklahoma City Thunder,88,Denver Nuggets,101,Box Score,,
1 9 2014,8:00 pm,Miami Heat,92,New York Knicks,102,Box Score,,
1 10 2014,7:30 pm,Houston Rockets,80,Atlanta Hawks,83,Box Score,,
1 10 2014,8:00 pm,Miami Heat,95,Brooklyn Nets,104,Box Score,2OT,
1 10 2014,10:30 pm,Boston Celtics,97,Golden State Warriors,99,Box Score,,
1 10 2014,7:00 pm,Washington Wizards,66,Indiana Pacers,93,Box Score,,
1 10 2014,10:30 pm,Los Angeles Lakers,87,Los Angeles Clippers,123,Box Score,,
1 10 2014,8:00 pm,Phoenix Suns,99,Memphis Grizzlies,104,Box Score,,
1 10 2014,8:30 pm,Chicago Bulls,81,Milwaukee Bucks,72,Box Score,,
1 10 2014,8:00 pm,Charlotte Bobcats,92,Minnesota Timberwolves,119,Box Score,,
1 10 2014,8:00 pm,Dallas Mavericks,107,New Orleans Pelicans,90,Box Score,,
1 10 2014,7:00 pm,Detroit Pistons,114,Philadelphia 76ers,104,Box Score,,
1 10 2014,10:00 pm,Orlando Magic,83,Sacramento Kings,103,Box Score,,
1 10 2014,9:00 pm,Cleveland Cavaliers,113,Utah Jazz,102,Box Score,,
1 11 2014,8:00 pm,Charlotte Bobcats,97,Chicago Bulls,103,Box Score,,
1 11 2014,8:30 pm,New Orleans Pelicans,107,Dallas Mavericks,110,Box Score,,
1 11 2014,9:00 pm,Orlando Magic,94,Denver Nuggets,120,Box Score,,
1 11 2014,7:30 pm,Phoenix Suns,108,Detroit Pistons,110,Box Score,,
1 11 2014,8:00 pm,Milwaukee Bucks,85,Oklahoma City Thunder,101,Box Score,,
1 11 2014,7:30 pm,New York Knicks,102,Philadelphia 76ers,92,Box Score,,
1 11 2014,10:00 pm,Boston Celtics,104,Portland Trail Blazers,112,Box Score,,
1 11 2014,7:00 pm,Brooklyn Nets,80,Toronto Raptors,96,Box Score,,
1 11 2014,7:00 pm,Houston Rockets,114,Washington Wizards,107,Box Score,,
1 12 2014,6:00 pm,Atlanta Hawks,101,Memphis Grizzlies,108,Box Score,,
1 12 2014,6:00 pm,Cleveland Cavaliers,80,Sacramento Kings,124,Box Score,,
1 12 2014,7:00 pm,Minnesota Timberwolves,86,San Antonio Spurs,104,Box Score,,
1 13 2014,7:30 pm,Houston Rockets,104,Boston Celtics,92,Box Score,,
1 13 2014,8:00 pm,Washington Wizards,102,Chicago Bulls,88,Box Score,,
1 13 2014,8:30 pm,Orlando Magic,88,Dallas Mavericks,107,Box Score,,
1 13 2014,8:00 pm,San Antonio Spurs,101,New Orleans Pelicans,95,Box Score,,
1 13 2014,7:30 pm,Phoenix Suns,96,New York Knicks,98,Box Score,OT,
1 13 2014,7:00 pm,Milwaukee Bucks,94,Toronto Raptors,116,Box Score,,
1 13 2014,9:00 pm,Denver Nuggets,103,Utah Jazz,118,Box Score,,
1 14 2014,7:00 pm,New York Knicks,98,Charlotte Bobcats,108,Box Score,,
1 14 2014,7:00 pm,Sacramento Kings,92,Indiana Pacers,116,Box Score,,
1 14 2014,10:30 pm,Cleveland Cavaliers,120,Los Angeles Lakers,118,Box Score,,
1 14 2014,8:00 pm,Oklahoma City Thunder,87,Memphis Grizzlies,90,Box Score,,
1 15 2014,7:30 pm,Toronto Raptors,83,Boston Celtics,88,Box Score,,
1 15 2014,10:30 pm,Denver Nuggets,123,Golden State Warriors,116,Box Score,,
1 15 2014,10:30 pm,Dallas Mavericks,127,Los Angeles Clippers,129,Box Score,,
1 15 2014,8:00 pm,Memphis Grizzlies,82,Milwaukee Bucks,77,Box Score,,
1 15 2014,8:00 pm,Sacramento Kings,111,Minnesota Timberwolves,108,Box Score,,
1 15 2014,8:00 pm,Houston Rockets,103,New Orleans Pelicans,100,Box Score,,
1 15 2014,7:00 pm,Chicago Bulls,128,Orlando Magic,125,Box Score,3OT,
1 15 2014,7:00 pm,Charlotte Bobcats,92,Philadelphia 76ers,95,Box Score,,
1 15 2014,9:00 pm,Los Angeles Lakers,114,Phoenix Suns,121,Box Score,,
1 15 2014,10:00 pm,Cleveland Cavaliers,96,Portland Trail Blazers,108,Box Score,,
1 15 2014,8:00 pm,Utah Jazz,105,San Antonio Spurs,109,Box Score,,
1 15 2014,7:00 pm,Miami Heat,97,Washington Wizards,114,Box Score,,
1 16 2014,3:00 pm,Brooklyn Nets,127,Atlanta Hawks,110,Box Score,,at London England
1 16 2014,9:30 pm,Oklahoma City Thunder,104,Houston Rockets,92,Box Score,,
1 16 2014,7:00 pm,New York Knicks,89,Indiana Pacers,117,Box Score,,
1 17 2014,7:30 pm,Los Angeles Lakers,107,Boston Celtics,104,Box Score,,
1 17 2014,9:00 pm,Cleveland Cavaliers,117,Denver Nuggets,109,Box Score,,
1 17 2014,7:30 pm,Utah Jazz,110,Detroit Pistons,89,Box Score,,
1 17 2014,8:00 pm,Sacramento Kings,90,Memphis Grizzlies,91,Box Score,,
1 17 2014,7:00 pm,Los Angeles Clippers,109,New York Knicks,95,Box Score,,
1 17 2014,9:30 pm,Golden State Warriors,121,Oklahoma City Thunder,127,Box Score,,
1 17 2014,7:00 pm,Charlotte Bobcats,111,Orlando Magic,101,Box Score,,
1 17 2014,7:00 pm,Miami Heat,101,Philadelphia 76ers,86,Box Score,,
1 17 2014,9:00 pm,Dallas Mavericks,110,Phoenix Suns,107,Box Score,,
1 17 2014,8:30 pm,Portland Trail Blazers,109,San Antonio Spurs,100,Box Score,,
1 17 2014,7:00 pm,Minnesota Timberwolves,89,Toronto Raptors,94,Box Score,,
1 17 2014,7:00 pm,Chicago Bulls,93,Washington Wizards,96,Box Score,,
1 18 2014,7:30 pm,Miami Heat,104,Charlotte Bobcats,96,Box Score,OT,
1 18 2014,8:00 pm,Philadelphia 76ers,78,Chicago Bulls,103,Box Score,,
1 18 2014,8:30 pm,Portland Trail Blazers,127,Dallas Mavericks,111,Box Score,,
1 18 2014,8:00 pm,Milwaukee Bucks,104,Houston Rockets,114,Box Score,,
1 18 2014,7:00 pm,Los Angeles Clippers,92,Indiana Pacers,106,Box Score,,
1 18 2014,8:00 pm,Utah Jazz,72,Minnesota Timberwolves,98,Box Score,,
1 18 2014,8:00 pm,Golden State Warriors,97,New Orleans Pelicans,87,Box Score,,
1 18 2014,7:00 pm,Detroit Pistons,104,Washington Wizards,98,Box Score,,
1 19 2014,7:00 pm,Sacramento Kings,93,Oklahoma City Thunder,108,Box Score,,
1 19 2014,6:00 pm,Boston Celtics,91,Orlando Magic,93,Box Score,,
1 19 2014,8:00 pm,Denver Nuggets,103,Phoenix Suns,117,Box Score,,
1 19 2014,7:00 pm,Milwaukee Bucks,82,San Antonio Spurs,110,Box Score,,
1 19 2014,1:00 pm,Los Angeles Lakers,112,Toronto Raptors,106,Box Score,,
1 20 2014,5:30 pm,Miami Heat,114,Atlanta Hawks,121,Box Score,,
1 20 2014,2:00 pm,Toronto Raptors,95,Charlotte Bobcats,100,Box Score,,
1 20 2014,8:00 pm,Los Angeles Lakers,100,Chicago Bulls,102,Box Score,OT,
1 20 2014,1:00 pm,Dallas Mavericks,102,Cleveland Cavaliers,97,Box Score,,
1 20 2014,1:00 pm,Los Angeles Clippers,112,Detroit Pistons,103,Box Score,,
1 20 2014,10:30 pm,Indiana Pacers,102,Golden State Warriors,94,Box Score,,
1 20 2014,8:00 pm,Portland Trail Blazers,113,Houston Rockets,126,Box Score,,
1 20 2014,5:00 pm,New Orleans Pelicans,95,Memphis Grizzlies,92,Box Score,,
1 20 2014,2:30 pm,Brooklyn Nets,103,New York Knicks,80,Box Score,,
1 20 2014,2:00 pm,Philadelphia 76ers,99,Washington Wizards,107,Box Score,,
1 21 2014,7:30 pm,Orlando Magic,90,Brooklyn Nets,101,Box Score,,
1 21 2014,7:30 pm,Boston Celtics,86,Miami Heat,93,Box Score,,
1 21 2014,8:00 pm,Sacramento Kings,114,New Orleans Pelicans,97,Box Score,,
1 21 2014,8:00 pm,Portland Trail Blazers,97,Oklahoma City Thunder,105,Box Score,,
1 21 2014,9:00 pm,Minnesota Timberwolves,112,Utah Jazz,97,Box Score,,
1 22 2014,7:00 pm,Los Angeles Clippers,91,Charlotte Bobcats,95,Box Score,,
1 22 2014,7:00 pm,Chicago Bulls,98,Cleveland Cavaliers,87,Box Score,,
1 22 2014,8:00 pm,Sacramento Kings,98,Houston Rockets,119,Box Score,,
1 22 2014,8:00 pm,Detroit Pistons,101,Milwaukee Bucks,104,Box Score,,
1 22 2014,7:30 pm,Philadelphia 76ers,110,New York Knicks,106,Box Score,,
1 22 2014,7:00 pm,Atlanta Hawks,112,Orlando Magic,109,Box Score,,
1 22 2014,10:30 pm,Indiana Pacers,100,Phoenix Suns,124,Box Score,,
1 22 2014,8:00 pm,Oklahoma City Thunder,111,San Antonio Spurs,105,Box Score,,
1 22 2014,7:00 pm,Dallas Mavericks,85,Toronto Raptors,93,Box Score,,
1 22 2014,7:00 pm,Boston Celtics,113,Washington Wizards,111,Box Score,OT,
1 23 2014,8:00 pm,Los Angeles Lakers,102,Miami Heat,109,Box Score,,
1 23 2014,10:30 pm,Denver Nuggets,105,Portland Trail Blazers,110,Box Score,,
1 24 2014,7:30 pm,San Antonio Spurs,105,Atlanta Hawks,79,Box Score,,
1 24 2014,7:30 pm,Oklahoma City Thunder,101,Boston Celtics,83,Box Score,,
1 24 2014,7:30 pm,Dallas Mavericks,106,Brooklyn Nets,107,Box Score,,
1 24 2014,8:00 pm,Los Angeles Clippers,112,Chicago Bulls,95,Box Score,,
1 24 2014,7:30 pm,Milwaukee Bucks,78,Cleveland Cavaliers,93,Box Score,,
1 24 2014,7:30 pm,New Orleans Pelicans,103,Detroit Pistons,101,Box Score,,
1 24 2014,10:30 pm,Minnesota Timberwolves,121,Golden State Warriors,120,Box Score,,
1 24 2014,8:00 pm,Memphis Grizzlies,88,Houston Rockets,87,Box Score,,
1 24 2014,7:30 pm,Charlotte Bobcats,96,New York Knicks,125,Box Score,,
1 24 2014,7:00 pm,Los Angeles Lakers,105,Orlando Magic,114,Box Score,,
1 24 2014,7:00 pm,Toronto Raptors,104,Philadelphia 76ers,95,Box Score,,
1 24 2014,9:00 pm,Washington Wizards,101,Phoenix Suns,95,Box Score,,
1 24 2014,10:00 pm,Indiana Pacers,116,Sacramento Kings,111,Box Score,OT,
1 25 2014,7:00 pm,Chicago Bulls,89,Charlotte Bobcats,87,Box Score,,
1 25 2014,9:00 pm,Indiana Pacers,96,Denver Nuggets,109,Box Score,,
1 25 2014,8:00 pm,Houston Rockets,81,Memphis Grizzlies,99,Box Score,,
1 25 2014,8:30 pm,Atlanta Hawks,112,Milwaukee Bucks,87,Box Score,,
1 25 2014,7:30 pm,Oklahoma City Thunder,103,Philadelphia 76ers,91,Box Score,,
1 25 2014,10:00 pm,Minnesota Timberwolves,104,Portland Trail Blazers,115,Box Score,,
1 25 2014,7:00 pm,Los Angeles Clippers,126,Toronto Raptors,118,Box Score,,
1 25 2014,9:00 pm,Washington Wizards,101,Utah Jazz,104,Box Score,,
1 26 2014,6:30 pm,Brooklyn Nets,85,Boston Celtics,79,Box Score,,
1 26 2014,6:00 pm,Phoenix Suns,99,Cleveland Cavaliers,90,Box Score,,
1 26 2014,7:30 pm,Detroit Pistons,106,Dallas Mavericks,116,Box Score,,
1 26 2014,9:00 pm,Portland Trail Blazers,88,Golden State Warriors,103,Box Score,,
1 26 2014,1:00 pm,San Antonio Spurs,101,Miami Heat,113,Box Score,,
1 26 2014,6:00 pm,Orlando Magic,92,New Orleans Pelicans,100,Box Score,,
1 26 2014,3:30 pm,Los Angeles Lakers,103,New York Knicks,110,Box Score,,
1 26 2014,9:00 pm,Denver Nuggets,125,Sacramento Kings,117,Box Score,,
1 27 2014,7:30 pm,Toronto Raptors,104,Brooklyn Nets,103,Box Score,,
1 27 2014,8:00 pm,Minnesota Timberwolves,95,Chicago Bulls,86,Box Score,,
1 27 2014,8:00 pm,Los Angeles Clippers,114,Milwaukee Bucks,86,Box Score,,
1 27 2014,8:00 pm,Atlanta Hawks,109,Oklahoma City Thunder,111,Box Score,,
1 27 2014,7:00 pm,Phoenix Suns,124,Philadelphia 76ers,113,Box Score,,
1 27 2014,9:00 pm,Sacramento Kings,99,Utah Jazz,106,Box Score,,
1 28 2014,7:00 pm,New Orleans Pelicans,100,Cleveland Cavaliers,89,Box Score,,
1 28 2014,7:30 pm,Orlando Magic,87,Detroit Pistons,103,Box Score,,
1 28 2014,10:30 pm,Washington Wizards,88,Golden State Warriors,85,Box Score,,
1 28 2014,8:00 pm,San Antonio Spurs,90,Houston Rockets,97,Box Score,,
1 28 2014,10:30 pm,Indiana Pacers,104,Los Angeles Lakers,92,Box Score,,
1 28 2014,7:30 pm,Boston Celtics,88,New York Knicks,114,Box Score,,
1 28 2014,10:00 pm,Memphis Grizzlies,98,Portland Trail Blazers,81,Box Score,,
1 29 2014,7:30 pm,Philadelphia 76ers,95,Boston Celtics,94,Box Score,,
1 29 2014,8:30 pm,Houston Rockets,117,Dallas Mavericks,115,Box Score,,
1 29 2014,9:00 pm,Charlotte Bobcats,101,Denver Nuggets,98,Box Score,,
1 29 2014,10:30 pm,Washington Wizards,103,Los Angeles Clippers,110,Box Score,,
1 29 2014,7:00 pm,Oklahoma City Thunder,112,Miami Heat,95,Box Score,,
1 29 2014,8:00 pm,Phoenix Suns,126,Milwaukee Bucks,117,Box Score,,
1 29 2014,8:00 pm,New Orleans Pelicans,77,Minnesota Timberwolves,88,Box Score,,
1 29 2014,10:00 pm,Memphis Grizzlies,99,Sacramento Kings,89,Box Score,,
1 29 2014,9:30 pm,Chicago Bulls,96,San Antonio Spurs,86,Box Score,,
1 29 2014,7:00 pm,Orlando Magic,83,Toronto Raptors,98,Box Score,,
1 30 2014,10:30 pm,Los Angeles Clippers,92,Golden State Warriors,111,Box Score,,
1 30 2014,7:00 pm,Phoenix Suns,102,Indiana Pacers,94,Box Score,,
1 30 2014,8:00 pm,Cleveland Cavaliers,86,New York Knicks,117,Box Score,,
1 31 2014,8:00 pm,Oklahoma City Thunder,120,Brooklyn Nets,95,Box Score,,
1 31 2014,8:30 pm,Sacramento Kings,103,Dallas Mavericks,107,Box Score,,
1 31 2014,9:00 pm,Toronto Raptors,100,Denver Nuggets,90,Box Score,,
1 31 2014,10:30 pm,Charlotte Bobcats,110,Los Angeles Lakers,100,Box Score,,
1 31 2014,8:00 pm,Memphis Grizzlies,94,Minnesota Timberwolves,90,Box Score,,
1 31 2014,7:00 pm,Milwaukee Bucks,102,Orlando Magic,113,Box Score,,
1 31 2014,7:30 pm,Atlanta Hawks,125,Philadelphia 76ers,99,Box Score,,
1 31 2014,10:30 pm,Golden State Warriors,95,Utah Jazz,90,Box Score,,
2 1 2014,7:30 pm,Minnesota Timberwolves,113,Atlanta Hawks,120,Box Score,,
2 1 2014,7:30 pm,Philadelphia 76ers,96,Detroit Pistons,113,Box Score,,
2 1 2014,8:00 pm,Cleveland Cavaliers,92,Houston Rockets,106,Box Score,,
2 1 2014,7:00 pm,Brooklyn Nets,96,Indiana Pacers,97,Box Score,,
2 1 2014,10:30 pm,Utah Jazz,87,Los Angeles Clippers,102,Box Score,,
2 1 2014,8:00 pm,Milwaukee Bucks,90,Memphis Grizzlies,99,Box Score,,
2 1 2014,8:00 pm,Chicago Bulls,79,New Orleans Pelicans,88,Box Score,,
2 1 2014,8:30 pm,Miami Heat,106,New York Knicks,91,Box Score,,
2 1 2014,9:00 pm,Charlotte Bobcats,95,Phoenix Suns,105,Box Score,,
2 1 2014,10:00 pm,Toronto Raptors,103,Portland Trail Blazers,106,Box Score,,
2 1 2014,8:30 pm,Sacramento Kings,93,San Antonio Spurs,95,Box Score,,
2 1 2014,7:00 pm,Oklahoma City Thunder,81,Washington Wizards,96,Box Score,,
2 2 2014,1:00 pm,Orlando Magic,89,Boston Celtics,96,Box Score,,
2 3 2014,7:30 pm,Philadelphia 76ers,102,Brooklyn Nets,108,Box Score,,
2 3 2014,8:30 pm,Cleveland Cavaliers,107,Dallas Mavericks,124,Box Score,,
2 3 2014,9:00 pm,Los Angeles Clippers,115,Denver Nuggets,116,Box Score,,
2 3 2014,7:00 pm,Orlando Magic,79,Indiana Pacers,98,Box Score,,
2 3 2014,7:30 pm,Detroit Pistons,96,Miami Heat,102,Box Score,,
2 3 2014,8:00 pm,New York Knicks,98,Milwaukee Bucks,101,Box Score,,
2 3 2014,8:00 pm,San Antonio Spurs,102,New Orleans Pelicans,95,Box Score,,
2 3 2014,8:00 pm,Memphis Grizzlies,77,Oklahoma City Thunder,86,Box Score,,
2 3 2014,10:00 pm,Chicago Bulls,70,Sacramento Kings,99,Box Score,,
2 3 2014,9:00 pm,Toronto Raptors,94,Utah Jazz,79,Box Score,,
2 3 2014,7:00 pm,Portland Trail Blazers,90,Washington Wizards,100,Box Score,,
2 4 2014,7:30 pm,Indiana Pacers,89,Atlanta Hawks,85,Box Score,,
2 4 2014,10:30 pm,Charlotte Bobcats,91,Golden State Warriors,75,Box Score,,
2 4 2014,8:00 pm,Los Angeles Lakers,99,Minnesota Timberwolves,109,Box Score,,
2 4 2014,9:00 pm,Chicago Bulls,101,Phoenix Suns,92,Box Score,,
2 5 2014,7:00 pm,Los Angeles Lakers,119,Cleveland Cavaliers,108,Box Score,,
2 5 2014,9:00 pm,Milwaukee Bucks,100,Denver Nuggets,110,Box Score,,
2 5 2014,8:00 pm,Phoenix Suns,108,Houston Rockets,122,Box Score,,
2 5 2014,10:30 pm,Miami Heat,116,Los Angeles Clippers,112,Box Score,,
2 5 2014,8:00 pm,Dallas Mavericks,110,Memphis Grizzlies,96,Box Score,,
2 5 2014,8:00 pm,Atlanta Hawks,100,New Orleans Pelicans,105,Box Score,,
2 5 2014,8:00 pm,Portland Trail Blazers,94,New York Knicks,90,Box Score,,
2 5 2014,8:00 pm,Minnesota Timberwolves,97,Oklahoma City Thunder,106,Box Score,,
2 5 2014,7:00 pm,Detroit Pistons,98,Orlando Magic,112,Box Score,,
2 5 2014,7:00 pm,Boston Celtics,114,Philadelphia 76ers,108,Box Score,,
2 5 2014,10:00 pm,Toronto Raptors,101,Sacramento Kings,109,Box Score,,
2 5 2014,7:00 pm,San Antonio Spurs,125,Washington Wizards,118,Box Score,2OT,
2 6 2014,8:00 pm,San Antonio Spurs,89,Brooklyn Nets,103,Box Score,,
2 6 2014,10:30 pm,Chicago Bulls,87,Golden State Warriors,102,Box Score,,
2 7 2014,7:30 pm,Sacramento Kings,89,Boston Celtics,99,Box Score,,
2 7 2014,8:30 pm,Utah Jazz,81,Dallas Mavericks,103,Box Score,,
2 7 2014,7:30 pm,Brooklyn Nets,95,Detroit Pistons,111,Box Score,,
2 7 2014,7:00 pm,Portland Trail Blazers,113,Indiana Pacers,118,Box Score,OT,
2 7 2014,10:30 pm,Toronto Raptors,105,Los Angeles Clippers,118,Box Score,,
2 7 2014,9:30 pm,Minnesota Timberwolves,91,New Orleans Pelicans,98,Box Score,,
2 7 2014,7:30 pm,Denver Nuggets,90,New York Knicks,117,Box Score,,
2 7 2014,7:00 pm,Oklahoma City Thunder,102,Orlando Magic,103,Box Score,,
2 7 2014,7:00 pm,Los Angeles Lakers,112,Philadelphia 76ers,98,Box Score,,
2 7 2014,7:00 pm,Cleveland Cavaliers,115,Washington Wizards,113,Box Score,,
2 8 2014,7:30 pm,Memphis Grizzlies,79,Atlanta Hawks,76,Box Score,,
2 8 2014,7:00 pm,San Antonio Spurs,104,Charlotte Bobcats,100,Box Score,,
2 8 2014,7:30 pm,Denver Nuggets,109,Detroit Pistons,126,Box Score,,
2 8 2014,8:30 pm,Houston Rockets,101,Milwaukee Bucks,95,Box Score,,
2 8 2014,8:00 pm,Portland Trail Blazers,117,Minnesota Timberwolves,110,Box Score,,
2 8 2014,9:00 pm,Golden State Warriors,109,Phoenix Suns,122,Box Score,,
2 8 2014,9:00 pm,Miami Heat,89,Utah Jazz,94,Box Score,,
2 9 2014,6:00 pm,Dallas Mavericks,102,Boston Celtics,91,Box Score,,
2 9 2014,6:00 pm,New Orleans Pelicans,81,Brooklyn Nets,93,Box Score,,
2 9 2014,6:00 pm,Memphis Grizzlies,83,Cleveland Cavaliers,91,Box Score,OT,
2 9 2014,9:30 pm,Philadelphia 76ers,78,Los Angeles Clippers,123,Box Score,,
2 9 2014,3:30 pm,Chicago Bulls,92,Los Angeles Lakers,86,Box Score,,
2 9 2014,1:00 pm,New York Knicks,100,Oklahoma City Thunder,112,Box Score,,
2 9 2014,6:00 pm,Indiana Pacers,92,Orlando Magic,93,Box Score,,
2 9 2014,6:00 pm,Sacramento Kings,84,Washington Wizards,93,Box Score,,
2 10 2014,7:30 pm,San Antonio Spurs,100,Detroit Pistons,109,Box Score,,
2 10 2014,10:30 pm,Philadelphia 76ers,80,Golden State Warriors,123,Box Score,,
2 10 2014,7:00 pm,Denver Nuggets,80,Indiana Pacers,119,Box Score,,
2 10 2014,8:00 pm,Boston Celtics,102,Milwaukee Bucks,86,Box Score,,
2 10 2014,8:00 pm,Houston Rockets,107,Minnesota Timberwolves,89,Box Score,,
2 10 2014,7:00 pm,New Orleans Pelicans,101,Toronto Raptors,108,Box Score,,
2 11 2014,7:00 pm,Dallas Mavericks,89,Charlotte Bobcats,114,Box Score,,
2 11 2014,8:00 pm,Atlanta Hawks,85,Chicago Bulls,100,Box Score,,
2 11 2014,7:00 pm,Sacramento Kings,99,Cleveland Cavaliers,109,Box Score,,
2 11 2014,10:30 pm,Utah Jazz,96,Los Angeles Lakers,79,Box Score,,
2 11 2014,8:00 pm,Washington Wizards,89,Memphis Grizzlies,92,Box Score,,
2 11 2014,9:00 pm,Miami Heat,103,Phoenix Suns,97,Box Score,,
2 11 2014,10:00 pm,Oklahoma City Thunder,98,Portland Trail Blazers,95,Box Score,,
2 12 2014,7:30 pm,San Antonio Spurs,104,Boston Celtics,92,Box Score,,
2 12 2014,7:30 pm,Charlotte Bobcats,89,Brooklyn Nets,105,Box Score,,
2 12 2014,7:30 pm,Cleveland Cavaliers,93,Detroit Pistons,89,Box Score,,
2 12 2014,10:30 pm,Miami Heat,111,Golden State Warriors,110,Box Score,,
2 12 2014,8:00 pm,Washington Wizards,112,Houston Rockets,113,Box Score,,
2 12 2014,7:00 pm,Dallas Mavericks,81,Indiana Pacers,73,Box Score,,
2 12 2014,10:30 pm,Portland Trail Blazers,117,Los Angeles Clippers,122,Box Score,,
2 12 2014,8:00 pm,New Orleans Pelicans,102,Milwaukee Bucks,98,Box Score,,
2 12 2014,8:00 pm,Denver Nuggets,90,Minnesota Timberwolves,117,Box Score,,
2 12 2014,7:30 pm,Sacramento Kings,106,New York Knicks,101,Box Score,OT,
2 12 2014,7:00 pm,Memphis Grizzlies,86,Orlando Magic,81,Box Score,,
2 12 2014,7:00 pm,Atlanta Hawks,83,Toronto Raptors,104,Box Score,,
2 12 2014,9:00 pm,Philadelphia 76ers,100,Utah Jazz,105,Box Score,,
2 13 2014,8:00 pm,Brooklyn Nets,76,Chicago Bulls,92,Box Score,,
2 13 2014,10:30 pm,Oklahoma City Thunder,107,Los Angeles Lakers,103,Box Score,,
2 18 2014,8:30 pm,Miami Heat,117,Dallas Mavericks,106,Box Score,,
2 18 2014,9:00 pm,Phoenix Suns,112,Denver Nuggets,107,Box Score,OT,
2 18 2014,7:30 pm,Charlotte Bobcats,108,Detroit Pistons,96,Box Score,,
2 18 2014,7:00 pm,Atlanta Hawks,98,Indiana Pacers,108,Box Score,,
2 18 2014,10:30 pm,San Antonio Spurs,113,Los Angeles Clippers,103,Box Score,,
2 18 2014,8:00 pm,New York Knicks,93,Memphis Grizzlies,98,Box Score,,
2 18 2014,8:00 pm,Orlando Magic,100,Milwaukee Bucks,104,Box Score,,
2 18 2014,7:00 pm,Cleveland Cavaliers,114,Philadelphia 76ers,85,Box Score,,
2 18 2014,7:00 pm,Toronto Raptors,103,Washington Wizards,93,Box Score,,
2 19 2014,7:30 pm,Washington Wizards,114,Atlanta Hawks,97,Box Score,,
2 19 2014,7:00 pm,Detroit Pistons,98,Charlotte Bobcats,116,Box Score,,
2 19 2014,7:00 pm,Orlando Magic,93,Cleveland Cavaliers,101,Box Score,,
2 19 2014,10:30 pm,Houston Rockets,134,Los Angeles Lakers,108,Box Score,,
2 19 2014,8:00 pm,Indiana Pacers,91,Minnesota Timberwolves,104,Box Score,,
2 19 2014,8:00 pm,New York Knicks,98,New Orleans Pelicans,91,Box Score,,
2 19 2014,9:00 pm,Boston Celtics,94,Phoenix Suns,100,Box Score,,
2 19 2014,10:00 pm,San Antonio Spurs,111,Portland Trail Blazers,109,Box Score,,
2 19 2014,10:00 pm,Golden State Warriors,101,Sacramento Kings,92,Box Score,,
2 19 2014,7:00 pm,Chicago Bulls,94,Toronto Raptors,92,Box Score,,
2 19 2014,9:00 pm,Brooklyn Nets,105,Utah Jazz,99,Box Score,,
2 20 2014,10:30 pm,Houston Rockets,99,Golden State Warriors,102,Box Score,OT,
2 20 2014,8:00 pm,Denver Nuggets,101,Milwaukee Bucks,90,Box Score,,
2 20 2014,8:00 pm,Miami Heat,103,Oklahoma City Thunder,81,Box Score,,
2 21 2014,7:00 pm,New Orleans Pelicans,87,Charlotte Bobcats,90,Box Score,,
2 21 2014,8:00 pm,Denver Nuggets,89,Chicago Bulls,117,Box Score,,
2 21 2014,7:30 pm,Atlanta Hawks,107,Detroit Pistons,115,Box Score,,
2 21 2014,10:30 pm,Boston Celtics,92,Los Angeles Lakers,101,Box Score,,
2 21 2014,8:00 pm,Los Angeles Clippers,96,Memphis Grizzlies,102,Box Score,,
2 21 2014,7:00 pm,New York Knicks,121,Orlando Magic,129,Box Score,2OT,
2 21 2014,7:00 pm,Dallas Mavericks,124,Philadelphia 76ers,112,Box Score,,
2 21 2014,9:00 pm,San Antonio Spurs,85,Phoenix Suns,106,Box Score,,
2 21 2014,10:00 pm,Utah Jazz,94,Portland Trail Blazers,102,Box Score,,
2 21 2014,7:00 pm,Cleveland Cavaliers,91,Toronto Raptors,98,Box Score,,
2 22 2014,7:30 pm,New York Knicks,98,Atlanta Hawks,107,Box Score,,
2 22 2014,7:00 pm,Memphis Grizzlies,89,Charlotte Bobcats,92,Box Score,,
2 22 2014,7:30 pm,Dallas Mavericks,113,Detroit Pistons,102,Box Score,,
2 22 2014,10:30 pm,Brooklyn Nets,86,Golden State Warriors,93,Box Score,,
2 22 2014,8:30 pm,Indiana Pacers,110,Milwaukee Bucks,100,Box Score,,
2 22 2014,10:00 pm,Boston Celtics,98,Sacramento Kings,105,Box Score,,
2 22 2014,9:00 pm,Minnesota Timberwolves,121,Utah Jazz,104,Box Score,,
2 22 2014,7:00 pm,New Orleans Pelicans,93,Washington Wizards,94,Box Score,,
2 23 2014,6:00 pm,Washington Wizards,96,Cleveland Cavaliers,83,Box Score,,
2 23 2014,8:00 pm,Sacramento Kings,109,Denver Nuggets,95,Box Score,,
2 23 2014,9:00 pm,Brooklyn Nets,108,Los Angeles Lakers,102,Box Score,,
2 23 2014,3:30 pm,Chicago Bulls,79,Miami Heat,93,Box Score,,
2 23 2014,1:00 pm,Los Angeles Clippers,125,Oklahoma City Thunder,117,Box Score,,
2 23 2014,9:00 pm,Houston Rockets,115,Phoenix Suns,112,Box Score,,
2 23 2014,9:00 pm,Minnesota Timberwolves,97,Portland Trail Blazers,108,Box Score,,
2 23 2014,6:00 pm,Orlando Magic,90,Toronto Raptors,105,Box Score,,
2 24 2014,7:30 pm,Golden State Warriors,104,Detroit Pistons,96,Box Score,,
2 24 2014,8:00 pm,Los Angeles Clippers,123,New Orleans Pelicans,110,Box Score,,
2 24 2014,7:30 pm,Dallas Mavericks,110,New York Knicks,108,Box Score,,
2 24 2014,7:00 pm,Milwaukee Bucks,130,Philadelphia 76ers,110,Box Score,,
2 24 2014,9:00 pm,Boston Celtics,98,Utah Jazz,110,Box Score,,
2 25 2014,7:30 pm,Chicago Bulls,107,Atlanta Hawks,103,Box Score,,
2 25 2014,7:00 pm,Toronto Raptors,99,Cleveland Cavaliers,93,Box Score,,
2 25 2014,9:00 pm,Portland Trail Blazers,100,Denver Nuggets,95,Box Score,,
2 25 2014,7:00 pm,Los Angeles Lakers,98,Indiana Pacers,118,Box Score,,
2 25 2014,9:00 pm,Minnesota Timberwolves,110,Phoenix Suns,101,Box Score,,
2 25 2014,10:00 pm,Houston Rockets,129,Sacramento Kings,103,Box Score,,
2 25 2014,7:00 pm,Orlando Magic,106,Washington Wizards,115,Box Score,,
2 26 2014,7:30 pm,Atlanta Hawks,104,Boston Celtics,115,Box Score,,
2 26 2014,8:00 pm,Golden State Warriors,83,Chicago Bulls,103,Box Score,,
2 26 2014,8:00 pm,New Orleans Pelicans,89,Dallas Mavericks,108,Box Score,,
2 26 2014,10:30 pm,Houston Rockets,93,Los Angeles Clippers,101,Box Score,,
2 26 2014,8:00 pm,Los Angeles Lakers,103,Memphis Grizzlies,108,Box Score,,
2 26 2014,8:00 pm,Cleveland Cavaliers,114,Oklahoma City Thunder,104,Box Score,,
2 26 2014,7:00 pm,Orlando Magic,101,Philadelphia 76ers,90,Box Score,,
2 26 2014,10:00 pm,Brooklyn Nets,80,Portland Trail Blazers,124,Box Score,,
2 26 2014,8:30 pm,Detroit Pistons,110,San Antonio Spurs,120,Box Score,,
2 26 2014,9:00 pm,Phoenix Suns,86,Utah Jazz,109,Box Score,,
2 27 2014,10:30 pm,Brooklyn Nets,112,Denver Nuggets,89,Box Score,,
2 27 2014,7:00 pm,Milwaukee Bucks,96,Indiana Pacers,101,Box Score,,
2 27 2014,8:00 pm,New York Knicks,82,Miami Heat,108,Box Score,,
2 27 2014,7:00 pm,Washington Wizards,134,Toronto Raptors,129,Box Score,3OT,
2 28 2014,7:30 pm,Utah Jazz,79,Cleveland Cavaliers,99,Box Score,,
2 28 2014,8:30 pm,Chicago Bulls,100,Dallas Mavericks,91,Box Score,,
2 28 2014,10:30 pm,Sacramento Kings,122,Los Angeles Lakers,126,Box Score,,
2 28 2014,8:00 pm,Golden State Warriors,126,New York Knicks,103,Box Score,,
2 28 2014,8:00 pm,Memphis Grizzlies,107,Oklahoma City Thunder,113,Box Score,,
2 28 2014,10:30 pm,New Orleans Pelicans,104,Phoenix Suns,116,Box Score,,
2 28 2014,8:30 pm,Charlotte Bobcats,82,San Antonio Spurs,92,Box Score,,
3 1 2014,8:00 pm,Indiana Pacers,102,Boston Celtics,97,Box Score,,
3 1 2014,8:00 pm,Detroit Pistons,110,Houston Rockets,118,Box Score,,
3 1 2014,10:30 pm,New Orleans Pelicans,76,Los Angeles Clippers,108,Box Score,,
3 1 2014,9:00 pm,Cleveland Cavaliers,96,Memphis Grizzlies,110,Box Score,,
3 1 2014,7:30 pm,Orlando Magic,98,Miami Heat,112,Box Score,,
3 1 2014,8:30 pm,Brooklyn Nets,107,Milwaukee Bucks,98,Box Score,,
3 1 2014,7:30 pm,Washington Wizards,122,Philadelphia 76ers,103,Box Score,,
3 1 2014,10:00 pm,Denver Nuggets,96,Portland Trail Blazers,102,Box Score,,
3 1 2014,10:00 pm,Minnesota Timberwolves,108,Sacramento Kings,97,Box Score,,
3 2 2014,1:00 pm,New York Knicks,90,Chicago Bulls,109,Box Score,,
3 2 2014,6:00 pm,Utah Jazz,91,Indiana Pacers,94,Box Score,,
3 2 2014,7:00 pm,Charlotte Bobcats,99,Oklahoma City Thunder,116,Box Score,,
3 2 2014,6:00 pm,Philadelphia 76ers,81,Orlando Magic,92,Box Score,,
3 2 2014,8:00 pm,Atlanta Hawks,120,Phoenix Suns,129,Box Score,,
3 2 2014,7:00 pm,Dallas Mavericks,106,San Antonio Spurs,112,Box Score,,
3 2 2014,4:00 pm,Golden State Warriors,98,Toronto Raptors,104,Box Score,,
3 3 2014,7:30 pm,Chicago Bulls,80,Brooklyn Nets,96,Box Score,,
3 3 2014,9:00 pm,Minnesota Timberwolves,132,Denver Nuggets,128,Box Score,,
3 3 2014,7:30 pm,New York Knicks,85,Detroit Pistons,96,Box Score,,
3 3 2014,7:30 pm,Charlotte Bobcats,107,Miami Heat,124,Box Score,,
3 3 2014,8:00 pm,Utah Jazz,88,Milwaukee Bucks,114,Box Score,,
3 3 2014,10:00 pm,Los Angeles Lakers,107,Portland Trail Blazers,106,Box Score,,
3 3 2014,10:00 pm,New Orleans Pelicans,89,Sacramento Kings,96,Box Score,,
3 3 2014,7:00 pm,Memphis Grizzlies,110,Washington Wizards,104,Box Score,,
3 4 2014,7:00 pm,San Antonio Spurs,122,Cleveland Cavaliers,101,Box Score,,
3 4 2014,8:00 pm,Miami Heat,103,Houston Rockets,106,Box Score,,
3 4 2014,7:00 pm,Golden State Warriors,98,Indiana Pacers,96,Box Score,,
3 4 2014,10:30 pm,New Orleans Pelicans,132,Los Angeles Lakers,125,Box Score,,
3 4 2014,8:00 pm,Philadelphia 76ers,92,Oklahoma City Thunder,125,Box Score,,
3 4 2014,9:00 pm,Los Angeles Clippers,104,Phoenix Suns,96,Box Score,,
3 5 2014,7:30 pm,Golden State Warriors,108,Boston Celtics,88,Box Score,,
3 5 2014,7:30 pm,Memphis Grizzlies,94,Brooklyn Nets,103,Box Score,,
3 5 2014,7:00 pm,Indiana Pacers,87,Charlotte Bobcats,109,Box Score,,
3 5 2014,8:00 pm,Dallas Mavericks,110,Denver Nuggets,115,Box Score,,
3 5 2014,7:30 pm,Chicago Bulls,105,Detroit Pistons,94,Box Score,,
3 5 2014,8:00 pm,Sacramento Kings,116,Milwaukee Bucks,102,Box Score,,
3 5 2014,8:00 pm,New York Knicks,118,Minnesota Timberwolves,106,Box Score,,
3 5 2014,7:00 pm,Houston Rockets,101,Orlando Magic,89,Box Score,,
3 5 2014,10:30 pm,Atlanta Hawks,78,Portland Trail Blazers,102,Box Score,,
3 5 2014,7:00 pm,Utah Jazz,91,Washington Wizards,104,Box Score,,
3 6 2014,10:30 pm,Los Angeles Clippers,142,Los Angeles Lakers,94,Box Score,,
3 6 2014,9:00 pm,Oklahoma City Thunder,122,Phoenix Suns,128,Box Score,,
3 6 2014,8:00 pm,Miami Heat,87,San Antonio Spurs,111,Box Score,,
3 7 2014,7:30 pm,Brooklyn Nets,84,Boston Celtics,91,Box Score,,
3 7 2014,7:00 pm,Cleveland Cavaliers,92,Charlotte Bobcats,101,Box Score,,
3 7 2014,7:00 pm,Memphis Grizzlies,85,Chicago Bulls,77,Box Score,,
3 7 2014,8:30 pm,Portland Trail Blazers,98,Dallas Mavericks,103,Box Score,,
3 7 2014,9:00 pm,Los Angeles Lakers,126,Denver Nuggets,134,Box Score,,
3 7 2014,10:30 pm,Atlanta Hawks,97,Golden State Warriors,111,Box Score,,
3 7 2014,9:30 pm,Indiana Pacers,86,Houston Rockets,112,Box Score,,
3 7 2014,8:00 pm,Detroit Pistons,101,Minnesota Timberwolves,114,Box Score,,
3 7 2014,8:00 pm,Milwaukee Bucks,104,New Orleans Pelicans,112,Box Score,,
3 7 2014,7:30 pm,Utah Jazz,81,New York Knicks,108,Box Score,,
3 7 2014,7:00 pm,Sacramento Kings,87,Toronto Raptors,99,Box Score,,
3 8 2014,7:30 pm,New York Knicks,107,Cleveland Cavaliers,97,Box Score,,
3 8 2014,10:30 pm,Atlanta Hawks,108,Los Angeles Clippers,109,Box Score,,
3 8 2014,8:00 pm,Charlotte Bobcats,89,Memphis Grizzlies,111,Box Score,,
3 8 2014,9:00 pm,Washington Wizards,114,Milwaukee Bucks,107,Box Score,,
3 8 2014,7:30 pm,Utah Jazz,104,Philadelphia 76ers,92,Box Score,,
3 8 2014,8:30 pm,Orlando Magic,112,San Antonio Spurs,121,Box Score,,
3 9 2014,6:00 pm,Detroit Pistons,111,Boston Celtics,118,Box Score,,
3 9 2014,6:00 pm,Sacramento Kings,89,Brooklyn Nets,104,Box Score,,
3 9 2014,1:00 pm,Miami Heat,88,Chicago Bulls,95,Box Score,OT,
3 9 2014,7:30 pm,Indiana Pacers,94,Dallas Mavericks,105,Box Score,,
3 9 2014,9:00 pm,Phoenix Suns,107,Golden State Warriors,113,Box Score,,
3 9 2014,7:00 pm,Portland Trail Blazers,113,Houston Rockets,118,Box Score,OT,
3 9 2014,3:30 pm,Oklahoma City Thunder,110,Los Angeles Lakers,114,Box Score,,
3 9 2014,7:00 pm,Toronto Raptors,111,Minnesota Timberwolves,104,Box Score,,
3 9 2014,6:00 pm,Denver Nuggets,107,New Orleans Pelicans,111,Box Score,OT,
3 10 2014,7:30 pm,Toronto Raptors,97,Brooklyn Nets,101,Box Score,,
3 10 2014,7:00 pm,Denver Nuggets,98,Charlotte Bobcats,105,Box Score,,
3 10 2014,10:30 pm,Phoenix Suns,105,Los Angeles Clippers,112,Box Score,,
3 10 2014,7:30 pm,Washington Wizards,90,Miami Heat,99,Box Score,,
3 10 2014,8:00 pm,Orlando Magic,98,Milwaukee Bucks,105,Box Score,,
3 10 2014,7:30 pm,Philadelphia 76ers,110,New York Knicks,123,Box Score,,
3 10 2014,9:00 pm,Atlanta Hawks,112,Utah Jazz,110,Box Score,,
3 11 2014,8:00 pm,San Antonio Spurs,104,Chicago Bulls,96,Box Score,,
3 11 2014,7:30 pm,Sacramento Kings,89,Detroit Pistons,99,Box Score,,
3 11 2014,10:30 pm,Dallas Mavericks,85,Golden State Warriors,108,Box Score,,
3 11 2014,7:00 pm,Boston Celtics,83,Indiana Pacers,94,Box Score,,
3 11 2014,8:00 pm,Portland Trail Blazers,99,Memphis Grizzlies,109,Box Score,,
3 11 2014,8:00 pm,Milwaukee Bucks,101,Minnesota Timberwolves,112,Box Score,,
3 11 2014,8:00 pm,Houston Rockets,98,Oklahoma City Thunder,106,Box Score,,
3 12 2014,7:30 pm,New York Knicks,116,Boston Celtics,92,Box Score,,
3 12 2014,10:30 pm,Golden State Warriors,98,Los Angeles Clippers,111,Box Score,,
3 12 2014,7:00 pm,Brooklyn Nets,96,Miami Heat,95,Box Score,,
3 12 2014,8:00 pm,Memphis Grizzlies,90,New Orleans Pelicans,88,Box Score,,
3 12 2014,7:00 pm,Denver Nuggets,120,Orlando Magic,112,Box Score,,
3 12 2014,7:00 pm,Sacramento Kings,115,Philadelphia 76ers,98,Box Score,,
3 12 2014,10:00 pm,Cleveland Cavaliers,110,Phoenix Suns,101,Box Score,,
3 12 2014,9:30 pm,Portland Trail Blazers,90,San Antonio Spurs,103,Box Score,,
3 12 2014,7:00 pm,Detroit Pistons,87,Toronto Raptors,101,Box Score,,
3 12 2014,9:00 pm,Dallas Mavericks,108,Utah Jazz,101,Box Score,,
3 12 2014,7:00 pm,Charlotte Bobcats,98,Washington Wizards,85,Box Score,,
3 13 2014,7:30 pm,Milwaukee Bucks,97,Atlanta Hawks,102,Box Score,,
3 13 2014,7:00 pm,Houston Rockets,87,Chicago Bulls,111,Box Score,,
3 13 2014,9:30 pm,Los Angeles Lakers,102,Oklahoma City Thunder,131,Box Score,,
3 14 2014,7:30 pm,Phoenix Suns,87,Boston Celtics,80,Box Score,,
3 14 2014,7:00 pm,Minnesota Timberwolves,93,Charlotte Bobcats,105,Box Score,,
3 14 2014,10:30 pm,Cleveland Cavaliers,103,Golden State Warriors,94,Box Score,,
3 14 2014,7:30 pm,Denver Nuggets,111,Miami Heat,107,Box Score,,
3 14 2014,8:00 pm,Portland Trail Blazers,111,New Orleans Pelicans,103,Box Score,,
3 14 2014,7:00 pm,Washington Wizards,105,Orlando Magic,101,Box Score,OT,
3 14 2014,7:00 pm,Indiana Pacers,101,Philadelphia 76ers,94,Box Score,,
3 14 2014,8:30 pm,Los Angeles Lakers,85,San Antonio Spurs,119,Box Score,,
3 14 2014,7:00 pm,Memphis Grizzlies,86,Toronto Raptors,99,Box Score,,
3 14 2014,9:00 pm,Los Angeles Clippers,96,Utah Jazz,87,Box Score,,
3 15 2014,7:30 pm,Denver Nuggets,92,Atlanta Hawks,97,Box Score,,
3 15 2014,8:00 pm,Sacramento Kings,87,Chicago Bulls,94,Box Score,,
3 15 2014,7:30 pm,Indiana Pacers,112,Detroit Pistons,104,Box Score,OT,
3 15 2014,12:00 am,Milwaukee Bucks,94,New York Knicks,115,Box Score,,
3 15 2014,7:30 pm,Memphis Grizzlies,103,Philadelphia 76ers,77,Box Score,,
3 15 2014,7:00 pm,Brooklyn Nets,94,Washington Wizards,101,Box Score,,
3 16 2014,9:30 pm,Cleveland Cavaliers,80,Los Angeles Clippers,102,Box Score,,
3 16 2014,3:30 pm,Houston Rockets,104,Miami Heat,113,Box Score,,
3 16 2014,1:00 pm,Charlotte Bobcats,101,Milwaukee Bucks,92,Box Score,,
3 16 2014,7:00 pm,Sacramento Kings,102,Minnesota Timberwolves,104,Box Score,,
3 16 2014,6:00 pm,Boston Celtics,120,New Orleans Pelicans,121,Box Score,OT,
3 16 2014,7:00 pm,Dallas Mavericks,109,Oklahoma City Thunder,86,Box Score,,
3 16 2014,9:00 pm,Golden State Warriors,113,Portland Trail Blazers,112,Box Score,,
3 16 2014,7:00 pm,Utah Jazz,104,San Antonio Spurs,122,Box Score,,
3 16 2014,1:00 pm,Phoenix Suns,121,Toronto Raptors,113,Box Score,,
3 17 2014,7:30 pm,Phoenix Suns,95,Brooklyn Nets,108,Box Score,,
3 17 2014,7:00 pm,Atlanta Hawks,97,Charlotte Bobcats,83,Box Score,,
3 17 2014,8:00 pm,Oklahoma City Thunder,97,Chicago Bulls,85,Box Score,,
3 17 2014,8:30 pm,Boston Celtics,89,Dallas Mavericks,94,Box Score,,
3 17 2014,10:30 pm,Los Angeles Clippers,100,Denver Nuggets,110,Box Score,,
3 17 2014,8:00 pm,Utah Jazz,86,Houston Rockets,124,Box Score,,
3 17 2014,7:00 pm,Philadelphia 76ers,90,Indiana Pacers,99,Box Score,,
3 18 2014,7:30 pm,Toronto Raptors,113,Atlanta Hawks,118,Box Score,OT,
3 18 2014,7:00 pm,Miami Heat,100,Cleveland Cavaliers,96,Box Score,,
3 18 2014,10:30 pm,Orlando Magic,89,Golden State Warriors,103,Box Score,,
3 18 2014,10:00 pm,Milwaukee Bucks,115,Portland Trail Blazers,120,Box Score,OT,
3 18 2014,10:00 pm,Washington Wizards,111,Sacramento Kings,117,Box Score,OT,
3 19 2014,7:30 pm,Miami Heat,96,Boston Celtics,101,Box Score,,
3 19 2014,7:30 pm,Charlotte Bobcats,99,Brooklyn Nets,104,Box Score,,
3 19 2014,8:30 pm,Minnesota Timberwolves,123,Dallas Mavericks,122,Box Score,OT,
3 19 2014,9:00 pm,Detroit Pistons,109,Denver Nuggets,118,Box Score,,
3 19 2014,10:30 pm,San Antonio Spurs,125,Los Angeles Lakers,109,Box Score,,
3 19 2014,8:00 pm,Utah Jazz,86,Memphis Grizzlies,96,Box Score,,
3 19 2014,8:00 pm,Toronto Raptors,107,New Orleans Pelicans,100,Box Score,,
3 19 2014,8:00 pm,Indiana Pacers,86,New York Knicks,92,Box Score,,
3 19 2014,7:00 pm,Chicago Bulls,102,Philadelphia 76ers,94,Box Score,,
3 19 2014,10:00 pm,Orlando Magic,93,Phoenix Suns,109,Box Score,,
3 20 2014,7:00 pm,Oklahoma City Thunder,102,Cleveland Cavaliers,95,Box Score,,
3 20 2014,10:30 pm,Milwaukee Bucks,110,Golden State Warriors,115,Box Score,,
3 20 2014,8:00 pm,Minnesota Timberwolves,106,Houston Rockets,129,Box Score,,
3 20 2014,10:00 pm,Washington Wizards,103,Portland Trail Blazers,116,Box Score,,
3 21 2014,7:30 pm,New Orleans Pelicans,111,Atlanta Hawks,105,Box Score,,
3 21 2014,7:30 pm,Boston Celtics,98,Brooklyn Nets,114,Box Score,,
3 21 2014,8:30 pm,Denver Nuggets,106,Dallas Mavericks,122,Box Score,,
3 21 2014,7:00 pm,Chicago Bulls,79,Indiana Pacers,91,Box Score,,
3 21 2014,10:30 pm,Washington Wizards,117,Los Angeles Lakers,107,Box Score,,
3 21 2014,7:30 pm,Memphis Grizzlies,86,Miami Heat,91,Box Score,,
3 21 2014,7:00 pm,New York Knicks,93,Philadelphia 76ers,92,Box Score,,
3 21 2014,10:00 pm,Detroit Pistons,92,Phoenix Suns,98,Box Score,,
3 21 2014,10:00 pm,San Antonio Spurs,99,Sacramento Kings,79,Box Score,,
3 21 2014,7:00 pm,Oklahoma City Thunder,119,Toronto Raptors,118,Box Score,2OT,
3 22 2014,7:00 pm,Portland Trail Blazers,94,Charlotte Bobcats,124,Box Score,,
3 22 2014,8:00 pm,Philadelphia 76ers,81,Chicago Bulls,91,Box Score,,
3 22 2014,7:30 pm,Houston Rockets,118,Cleveland Cavaliers,111,Box Score,,
3 22 2014,10:30 pm,San Antonio Spurs,99,Golden State Warriors,90,Box Score,,
3 22 2014,10:30 pm,Detroit Pistons,103,Los Angeles Clippers,112,Box Score,,
3 22 2014,8:00 pm,Indiana Pacers,71,Memphis Grizzlies,82,Box Score,,
3 22 2014,8:00 pm,Miami Heat,95,New Orleans Pelicans,105,Box Score,,
3 22 2014,9:00 pm,Orlando Magic,88,Utah Jazz,89,Box Score,,
3 23 2014,7:30 pm,Brooklyn Nets,107,Dallas Mavericks,104,Box Score,OT,
3 23 2014,5:00 pm,Washington Wizards,102,Denver Nuggets,105,Box Score,,
3 23 2014,9:30 pm,Orlando Magic,94,Los Angeles Lakers,103,Box Score,,
3 23 2014,3:30 pm,Phoenix Suns,127,Minnesota Timberwolves,120,Box Score,,
3 23 2014,7:30 pm,Cleveland Cavaliers,106,New York Knicks,100,Box Score,,
3 23 2014,6:00 pm,Milwaukee Bucks,107,Sacramento Kings,124,Box Score,,
3 23 2014,1:00 pm,Atlanta Hawks,86,Toronto Raptors,96,Box Score,,
3 24 2014,7:30 pm,Phoenix Suns,102,Atlanta Hawks,95,Box Score,,
3 24 2014,7:00 pm,Houston Rockets,100,Charlotte Bobcats,89,Box Score,,
3 24 2014,8:00 pm,Indiana Pacers,77,Chicago Bulls,89,Box Score,,
3 24 2014,10:30 pm,Milwaukee Bucks,98,Los Angeles Clippers,106,Box Score,,
3 24 2014,8:00 pm,Minnesota Timberwolves,92,Memphis Grizzlies,109,Box Score,,
3 24 2014,7:30 pm,Portland Trail Blazers,91,Miami Heat,93,Box Score,,
3 24 2014,8:00 pm,Brooklyn Nets,104,New Orleans Pelicans,109,Box Score,OT,
3 24 2014,8:00 pm,Denver Nuggets,96,Oklahoma City Thunder,117,Box Score,,
3 24 2014,8:30 pm,Philadelphia 76ers,91,San Antonio Spurs,113,Box Score,,
3 24 2014,9:00 pm,Detroit Pistons,114,Utah Jazz,94,Box Score,,
3 25 2014,7:00 pm,Toronto Raptors,100,Cleveland Cavaliers,102,Box Score,,
3 25 2014,8:00 pm,Oklahoma City Thunder,119,Dallas Mavericks,128,Box Score,OT,
3 25 2014,10:30 pm,New York Knicks,96,Los Angeles Lakers,127,Box Score,,
3 25 2014,7:00 pm,Portland Trail Blazers,85,Orlando Magic,95,Box Score,,
3 26 2014,7:30 pm,Toronto Raptors,99,Boston Celtics,90,Box Score,,
3 26 2014,7:00 pm,Brooklyn Nets,111,Charlotte Bobcats,116,Box Score,OT,
3 26 2014,7:30 pm,Cleveland Cavaliers,97,Detroit Pistons,96,Box Score,,
3 26 2014,8:00 pm,Miami Heat,83,Indiana Pacers,84,Box Score,,
3 26 2014,8:00 pm,Atlanta Hawks,83,Minnesota Timberwolves,107,Box Score,,
3 26 2014,8:00 pm,Los Angeles Clippers,96,New Orleans Pelicans,98,Box Score,,
3 26 2014,10:00 pm,New York Knicks,107,Sacramento Kings,99,Box Score,,
3 26 2014,8:30 pm,Denver Nuggets,103,San Antonio Spurs,108,Box Score,,
3 26 2014,10:30 pm,Memphis Grizzlies,91,Utah Jazz,87,Box Score,,
3 26 2014,7:00 pm,Phoenix Suns,99,Washington Wizards,93,Box Score,,
3 27 2014,7:30 pm,Portland Trail Blazers,100,Atlanta Hawks,85,Box Score,,
3 27 2014,8:30 pm,Los Angeles Clippers,109,Dallas Mavericks,103,Box Score,,
3 27 2014,8:00 pm,Philadelphia 76ers,98,Houston Rockets,120,Box Score,,
3 27 2014,8:00 pm,Los Angeles Lakers,105,Milwaukee Bucks,108,Box Score,,
3 28 2014,7:30 pm,Cleveland Cavaliers,97,Brooklyn Nets,108,Box Score,,
3 28 2014,8:00 pm,Portland Trail Blazers,91,Chicago Bulls,74,Box Score,,
3 28 2014,9:00 pm,San Antonio Spurs,133,Denver Nuggets,102,Box Score,,
3 28 2014,7:30 pm,Miami Heat,110,Detroit Pistons,78,Box Score,,
3 28 2014,10:30 pm,Memphis Grizzlies,93,Golden State Warriors,100,Box Score,,
3 28 2014,8:00 pm,Los Angeles Lakers,107,Minnesota Timberwolves,143,Box Score,,
3 28 2014,8:00 pm,Utah Jazz,95,New Orleans Pelicans,102,Box Score,,
3 28 2014,8:00 pm,Sacramento Kings,81,Oklahoma City Thunder,94,Box Score,,
3 28 2014,7:00 pm,Charlotte Bobcats,105,Orlando Magic,110,Box Score,OT,
3 28 2014,10:00 pm,New York Knicks,88,Phoenix Suns,112,Box Score,,
3 28 2014,7:00 pm,Boston Celtics,103,Toronto Raptors,105,Box Score,,
3 28 2014,7:00 pm,Indiana Pacers,78,Washington Wizards,91,Box Score,,
3 29 2014,8:30 pm,Sacramento Kings,100,Dallas Mavericks,103,Box Score,,
3 29 2014,8:00 pm,Los Angeles Clippers,118,Houston Rockets,107,Box Score,,
3 29 2014,8:30 pm,Miami Heat,88,Milwaukee Bucks,67,Box Score,,
3 29 2014,7:30 pm,Detroit Pistons,98,Philadelphia 76ers,123,Box Score,,
3 29 2014,8:30 pm,New Orleans Pelicans,80,San Antonio Spurs,96,Box Score,,
3 29 2014,8:00 pm,Atlanta Hawks,97,Washington Wizards,101,Box Score,,
3 30 2014,7:00 pm,Chicago Bulls,107,Boston Celtics,102,Box Score,,
3 30 2014,6:00 pm,Minnesota Timberwolves,99,Brooklyn Nets,114,Box Score,,
3 30 2014,3:00 pm,Indiana Pacers,76,Cleveland Cavaliers,90,Box Score,,
3 30 2014,9:00 pm,New York Knicks,89,Golden State Warriors,84,Box Score,,
3 30 2014,9:30 pm,Phoenix Suns,99,Los Angeles Lakers,115,Box Score,,
3 30 2014,3:00 pm,Utah Jazz,96,Oklahoma City Thunder,116,Box Score,,
3 30 2014,6:00 pm,Toronto Raptors,98,Orlando Magic,93,Box Score,,
3 30 2014,9:00 pm,Memphis Grizzlies,98,Portland Trail Blazers,105,Box Score,,
3 31 2014,7:30 pm,Philadelphia 76ers,95,Atlanta Hawks,103,Box Score,,
3 31 2014,7:00 pm,Washington Wizards,94,Charlotte Bobcats,100,Box Score,,
3 31 2014,8:00 pm,Boston Celtics,80,Chicago Bulls,94,Box Score,,
3 31 2014,9:00 pm,Memphis Grizzlies,94,Denver Nuggets,92,Box Score,,
3 31 2014,7:30 pm,Milwaukee Bucks,111,Detroit Pistons,116,Box Score,,
3 31 2014,7:00 pm,San Antonio Spurs,103,Indiana Pacers,77,Box Score,,
3 31 2014,7:30 pm,Toronto Raptors,83,Miami Heat,93,Box Score,,
3 31 2014,8:00 pm,Los Angeles Clippers,114,Minnesota Timberwolves,104,Box Score,,
3 31 2014,8:00 pm,Sacramento Kings,102,New Orleans Pelicans,97,Box Score,,
3 31 2014,9:00 pm,New York Knicks,92,Utah Jazz,83,Box Score,,
4 1 2014,8:00 pm,Houston Rockets,96,Brooklyn Nets,105,Box Score,,
4 1 2014,8:30 pm,Golden State Warriors,122,Dallas Mavericks,120,Box Score,OT,
4 1 2014,10:30 pm,Portland Trail Blazers,124,Los Angeles Lakers,112,Box Score,,
4 2 2014,7:30 pm,Chicago Bulls,105,Atlanta Hawks,92,Box Score,,
4 2 2014,9:00 pm,New Orleans Pelicans,107,Denver Nuggets,137,Box Score,,
4 2 2014,7:00 pm,Detroit Pistons,94,Indiana Pacers,101,Box Score,,
4 2 2014,7:30 pm,Milwaukee Bucks,77,Miami Heat,96,Box Score,,
4 2 2014,8:00 pm,Memphis Grizzlies,88,Minnesota Timberwolves,102,Box Score,,
4 2 2014,7:00 pm,Brooklyn Nets,81,New York Knicks,110,Box Score,,
4 2 2014,7:00 pm,Cleveland Cavaliers,119,Orlando Magic,98,Box Score,,
4 2 2014,7:00 pm,Charlotte Bobcats,123,Philadelphia 76ers,93,Box Score,,
4 2 2014,10:00 pm,Los Angeles Clippers,112,Phoenix Suns,108,Box Score,,
4 2 2014,10:00 pm,Los Angeles Lakers,102,Sacramento Kings,107,Box Score,,
4 2 2014,8:30 pm,Golden State Warriors,90,San Antonio Spurs,111,Box Score,,
4 2 2014,7:00 pm,Houston Rockets,103,Toronto Raptors,107,Box Score,,
4 2 2014,7:00 pm,Boston Celtics,92,Washington Wizards,118,Box Score,,
4 3 2014,10:30 pm,Dallas Mavericks,113,Los Angeles Clippers,107,Box Score,,
4 3 2014,8:00 pm,San Antonio Spurs,94,Oklahoma City Thunder,106,Box Score,,
4 4 2014,7:30 pm,Cleveland Cavaliers,98,Atlanta Hawks,117,Box Score,,
4 4 2014,7:30 pm,Philadelphia 76ers,111,Boston Celtics,102,Box Score,,
4 4 2014,7:30 pm,Detroit Pistons,104,Brooklyn Nets,116,Box Score,,
4 4 2014,7:00 pm,Orlando Magic,80,Charlotte Bobcats,91,Box Score,,
4 4 2014,8:00 pm,Milwaukee Bucks,90,Chicago Bulls,102,Box Score,,
4 4 2014,10:30 pm,Sacramento Kings,69,Golden State Warriors,102,Box Score,,
4 4 2014,9:30 pm,Oklahoma City Thunder,107,Houston Rockets,111,Box Score,,
4 4 2014,10:30 pm,Dallas Mavericks,107,Los Angeles Lakers,95,Box Score,,
4 4 2014,7:00 pm,Denver Nuggets,92,Memphis Grizzlies,100,Box Score,,
4 4 2014,7:30 pm,Minnesota Timberwolves,122,Miami Heat,121,Box Score,2OT,
4 4 2014,7:30 pm,Washington Wizards,90,New York Knicks,89,Box Score,,
4 4 2014,10:00 pm,Phoenix Suns,109,Portland Trail Blazers,93,Box Score,,
4 4 2014,7:00 pm,Indiana Pacers,94,Toronto Raptors,102,Box Score,,
4 4 2014,9:00 pm,New Orleans Pelicans,96,Utah Jazz,100,Box Score,,
4 5 2014,7:30 pm,Charlotte Bobcats,96,Cleveland Cavaliers,94,Box Score,OT,
4 5 2014,7:30 pm,Boston Celtics,111,Detroit Pistons,115,Box Score,,
4 5 2014,8:30 pm,Toronto Raptors,102,Milwaukee Bucks,98,Box Score,,
4 5 2014,7:00 pm,Minnesota Timberwolves,92,Orlando Magic,100,Box Score,,
4 5 2014,7:30 pm,Brooklyn Nets,105,Philadelphia 76ers,101,Box Score,,
4 5 2014,7:00 pm,Chicago Bulls,96,Washington Wizards,78,Box Score,,
4 6 2014,9:00 pm,Utah Jazz,102,Golden State Warriors,130,Box Score,,
4 6 2014,7:00 pm,Denver Nuggets,125,Houston Rockets,130,Box Score,OT,
4 6 2014,6:00 pm,Atlanta Hawks,107,Indiana Pacers,88,Box Score,,
4 6 2014,3:30 pm,Los Angeles Lakers,97,Los Angeles Clippers,120,Box Score,,
4 6 2014,1:00 pm,New York Knicks,91,Miami Heat,102,Box Score,,
4 6 2014,9:00 pm,Oklahoma City Thunder,115,Phoenix Suns,122,Box Score,,
4 6 2014,9:00 pm,New Orleans Pelicans,94,Portland Trail Blazers,100,Box Score,,
4 6 2014,6:00 pm,Dallas Mavericks,93,Sacramento Kings,91,Box Score,,
4 6 2014,7:00 pm,Memphis Grizzlies,92,San Antonio Spurs,112,Box Score,,
4 8 2014,7:30 pm,Detroit Pistons,102,Atlanta Hawks,95,Box Score,,
4 8 2014,10:30 pm,Houston Rockets,145,Los Angeles Lakers,130,Box Score,,
4 8 2014,8:00 pm,Brooklyn Nets,88,Miami Heat,87,Box Score,,
4 8 2014,8:00 pm,San Antonio Spurs,91,Minnesota Timberwolves,110,Box Score,,
4 8 2014,10:00 pm,Oklahoma City Thunder,107,Sacramento Kings,92,Box Score,,
4 8 2014,9:00 pm,Dallas Mavericks,95,Utah Jazz,83,Box Score,,
4 9 2014,7:30 pm,Boston Celtics,97,Atlanta Hawks,105,Box Score,,
4 9 2014,7:00 pm,Detroit Pistons,100,Cleveland Cavaliers,122,Box Score,,
4 9 2014,9:00 pm,Houston Rockets,116,Denver Nuggets,123,Box Score,,
4 9 2014,10:30 pm,Oklahoma City Thunder,107,Los Angeles Clippers,101,Box Score,,
4 9 2014,8:00 pm,Miami Heat,102,Memphis Grizzlies,107,Box Score,,
4 9 2014,8:00 pm,Indiana Pacers,104,Milwaukee Bucks,102,Box Score,,
4 9 2014,8:00 pm,Chicago Bulls,102,Minnesota Timberwolves,87,Box Score,,
4 9 2014,8:00 pm,Phoenix Suns,94,New Orleans Pelicans,88,Box Score,,
4 9 2014,7:00 pm,Brooklyn Nets,111,Orlando Magic,115,Box Score,,
4 9 2014,10:00 pm,Sacramento Kings,99,Portland Trail Blazers,100,Box Score,,
4 9 2014,7:00 pm,Philadelphia 76ers,114,Toronto Raptors,125,Box Score,,
4 9 2014,7:00 pm,Charlotte Bobcats,94,Washington Wizards,88,Box Score,OT,
4 10 2014,8:00 pm,San Antonio Spurs,109,Dallas Mavericks,100,Box Score,,
4 10 2014,10:30 pm,Denver Nuggets,100,Golden State Warriors,99,Box Score,,
4 11 2014,7:30 pm,Charlotte Bobcats,103,Boston Celtics,106,Box Score,,
4 11 2014,7:30 pm,Atlanta Hawks,93,Brooklyn Nets,88,Box Score,,
4 11 2014,8:00 pm,Detroit Pistons,98,Chicago Bulls,106,Box Score,,
4 11 2014,10:30 pm,Golden State Warriors,112,Los Angeles Lakers,95,Box Score,,
4 11 2014,8:00 pm,Philadelphia 76ers,95,Memphis Grizzlies,117,Box Score,,
4 11 2014,7:30 pm,Indiana Pacers,86,Miami Heat,98,Box Score,,
4 11 2014,8:30 pm,Cleveland Cavaliers,116,Milwaukee Bucks,119,Box Score,,
4 11 2014,8:00 pm,Houston Rockets,110,Minnesota Timberwolves,112,Box Score,,
4 11 2014,8:00 pm,New Orleans Pelicans,94,Oklahoma City Thunder,116,Box Score,,
4 11 2014,7:00 pm,Washington Wizards,96,Orlando Magic,86,Box Score,,
4 11 2014,8:30 pm,Phoenix Suns,104,San Antonio Spurs,112,Box Score,,
4 11 2014,7:00 pm,New York Knicks,108,Toronto Raptors,100,Box Score,,
4 11 2014,9:00 pm,Portland Trail Blazers,111,Utah Jazz,99,Box Score,,
4 12 2014,7:30 pm,Miami Heat,85,Atlanta Hawks,98,Box Score,,
4 12 2014,7:00 pm,Philadelphia 76ers,105,Charlotte Bobcats,111,Box Score,,
4 12 2014,7:30 pm,Boston Celtics,111,Cleveland Cavaliers,99,Box Score,,
4 12 2014,8:30 pm,Phoenix Suns,98,Dallas Mavericks,101,Box Score,,
4 12 2014,9:00 pm,Utah Jazz,94,Denver Nuggets,101,Box Score,,
4 12 2014,8:00 pm,New Orleans Pelicans,104,Houston Rockets,111,Box Score,,
4 12 2014,3:30 pm,Sacramento Kings,101,Los Angeles Clippers,117,Box Score,,
4 12 2014,7:00 pm,Milwaukee Bucks,91,Washington Wizards,104,Box Score,,
4 13 2014,6:00 pm,Orlando Magic,88,Brooklyn Nets,97,Box Score,,
4 13 2014,3:30 pm,Toronto Raptors,116,Detroit Pistons,107,Box Score,,
4 13 2014,1:00 pm,Oklahoma City Thunder,97,Indiana Pacers,102,Box Score,,
4 13 2014,9:30 pm,Memphis Grizzlies,102,Los Angeles Lakers,90,Box Score,,
4 13 2014,7:30 pm,Chicago Bulls,89,New York Knicks,100,Box Score,,
4 13 2014,9:00 pm,Golden State Warriors,117,Portland Trail Blazers,119,Box Score,OT,
4 13 2014,9:00 pm,Minnesota Timberwolves,103,Sacramento Kings,106,Box Score,,
4 14 2014,7:30 pm,Charlotte Bobcats,95,Atlanta Hawks,93,Box Score,,
4 14 2014,8:00 pm,Orlando Magic,95,Chicago Bulls,108,Box Score,,
4 14 2014,10:30 pm,Minnesota Timberwolves,120,Golden State Warriors,130,Box Score,,
4 14 2014,8:00 pm,San Antonio Spurs,98,Houston Rockets,104,Box Score,,
4 14 2014,8:00 pm,Oklahoma City Thunder,89,New Orleans Pelicans,101,Box Score,,
4 14 2014,7:00 pm,Boston Celtics,108,Philadelphia 76ers,113,Box Score,,
4 14 2014,10:00 pm,Memphis Grizzlies,97,Phoenix Suns,91,Box Score,,
4 14 2014,7:00 pm,Milwaukee Bucks,100,Toronto Raptors,110,Box Score,,
4 14 2014,9:00 pm,Los Angeles Lakers,119,Utah Jazz,104,Box Score,,
4 14 2014,7:00 pm,Miami Heat,93,Washington Wizards,114,Box Score,,
4 15 2014,8:00 pm,New York Knicks,109,Brooklyn Nets,98,Box Score,,
4 15 2014,10:30 pm,Denver Nuggets,105,Los Angeles Clippers,117,Box Score,,
4 16 2014,8:00 pm,Washington Wizards,118,Boston Celtics,102,Box Score,,
4 16 2014,7:00 pm,Chicago Bulls,86,Charlotte Bobcats,91,Box Score,OT,
4 16 2014,8:00 pm,Brooklyn Nets,85,Cleveland Cavaliers,114,Box Score,,
4 16 2014,10:30 pm,Golden State Warriors,116,Denver Nuggets,112,Box Score,,
4 16 2014,8:00 pm,Dallas Mavericks,105,Memphis Grizzlies,106,Box Score,OT,
4 16 2014,8:00 pm,Philadelphia 76ers,100,Miami Heat,87,Box Score,,
4 16 2014,8:00 pm,Atlanta Hawks,111,Milwaukee Bucks,103,Box Score,,
4 16 2014,8:00 pm,Utah Jazz,136,Minnesota Timberwolves,130,Box Score,2OT,
4 16 2014,8:00 pm,Houston Rockets,100,New Orleans Pelicans,105,Box Score,,
4 16 2014,8:00 pm,Toronto Raptors,92,New York Knicks,95,Box Score,,
4 16 2014,8:00 pm,Detroit Pistons,111,Oklahoma City Thunder,112,Box Score,,
4 16 2014,7:00 pm,Indiana Pacers,101,Orlando Magic,86,Box Score,,
4 16 2014,10:30 pm,Los Angeles Clippers,104,Portland Trail Blazers,110,Box Score,,
4 16 2014,10:30 pm,Phoenix Suns,104,Sacramento Kings,99,Box Score,,
4 16 2014,8:00 pm,Los Angeles Lakers,113,San Antonio Spurs,100,Box Score,,
4 19 2014,7:00 pm,Atlanta Hawks,101,Indiana Pacers,93,Box Score,,
4 19 2014,3:30 pm,Golden State Warriors,109,Los Angeles Clippers,105,Box Score,,
4 19 2014,9:43 pm,Memphis Grizzlies,86,Oklahoma City Thunder,100,Box Score,,
4 19 2014,12:30 am,Brooklyn Nets,94,Toronto Raptors,87,Box Score,,
4 20 2014,7:00 pm,Washington Wizards,102,Chicago Bulls,93,Box Score,,
4 20 2014,9:30 pm,Portland Trail Blazers,122,Houston Rockets,120,Box Score,OT,
4 20 2014,3:30 pm,Charlotte Bobcats,88,Miami Heat,99,Box Score,,
4 20 2014,1:00 pm,Dallas Mavericks,85,San Antonio Spurs,90,Box Score,,
4 21 2014,10:30 pm,Golden State Warriors,98,Los Angeles Clippers,138,Box Score,,
4 21 2014,8:00 pm,Memphis Grizzlies,111,Oklahoma City Thunder,105,Box Score,OT,
4 22 2014,9:30 pm,Washington Wizards,101,Chicago Bulls,99,Box Score,OT,
4 22 2014,7:00 pm,Atlanta Hawks,85,Indiana Pacers,101,Box Score,,
4 22 2014,7:30 pm,Brooklyn Nets,95,Toronto Raptors,100,Box Score,,
4 23 2014,9:30 pm,Portland Trail Blazers,112,Houston Rockets,105,Box Score,,
4 23 2014,7:00 pm,Charlotte Bobcats,97,Miami Heat,101,Box Score,,
4 23 2014,8:00 pm,Dallas Mavericks,113,San Antonio Spurs,92,Box Score,,
4 24 2014,7:00 pm,Indiana Pacers,85,Atlanta Hawks,98,Box Score,,
4 24 2014,10:30 pm,Los Angeles Clippers,98,Golden State Warriors,96,Box Score,,
4 24 2014,8:00 pm,Oklahoma City Thunder,95,Memphis Grizzlies,98,Box Score,OT,
4 25 2014,7:00 pm,Toronto Raptors,98,Brooklyn Nets,102,Box Score,,
4 25 2014,10:30 pm,Houston Rockets,121,Portland Trail Blazers,116,Box Score,OT,
4 25 2014,8:00 pm,Chicago Bulls,100,Washington Wizards,97,Box Score,,
4 26 2014,2:00 pm,Indiana Pacers,91,Atlanta Hawks,88,Box Score,,
4 26 2014,7:00 pm,Miami Heat,98,Charlotte Bobcats,85,Box Score,,
4 26 2014,4:30 pm,San Antonio Spurs,108,Dallas Mavericks,109,Box Score,,
4 26 2014,9:30 pm,Oklahoma City Thunder,92,Memphis Grizzlies,89,Box Score,OT,
4 27 2014,7:00 pm,Toronto Raptors,87,Brooklyn Nets,79,Box Score,,
4 27 2014,3:30 pm,Los Angeles Clippers,97,Golden State Warriors,118,Box Score,,
4 27 2014,9:30 pm,Houston Rockets,120,Portland Trail Blazers,123,Box Score,OT,
4 27 2014,1:00 pm,Chicago Bulls,89,Washington Wizards,98,Box Score,,
4 28 2014,7:00 pm,Miami Heat,109,Charlotte Bobcats,98,Box Score,,
4 28 2014,9:30 pm,San Antonio Spurs,93,Dallas Mavericks,89,Box Score,,
4 28 2014,8:00 pm,Atlanta Hawks,107,Indiana Pacers,97,Box Score,,
4 29 2014,8:00 pm,Washington Wizards,75,Chicago Bulls,69,Box Score,,
4 29 2014,10:30 pm,Golden State Warriors,103,Los Angeles Clippers,113,Box Score,,
4 29 2014,9:00 pm,Memphis Grizzlies,100,Oklahoma City Thunder,99,Box Score,OT,
4 30 2014,9:30 pm,Portland Trail Blazers,98,Houston Rockets,108,Box Score,,
4 30 2014,7:00 pm,Dallas Mavericks,103,San Antonio Spurs,109,Box Score,,
4 30 2014,7:30 pm,Brooklyn Nets,113,Toronto Raptors,115,Box Score,,
5 1 2014,7:00 pm,Indiana Pacers,95,Atlanta Hawks,88,Box Score,,
5 1 2014,10:30 pm,Los Angeles Clippers,99,Golden State Warriors,100,Box Score,,
5 1 2014,8:00 pm,Oklahoma City Thunder,104,Memphis Grizzlies,84,Box Score,,
5 2 2014,7:00 pm,Toronto Raptors,83,Brooklyn Nets,97,Box Score,,
5 2 2014,8:00 pm,San Antonio Spurs,111,Dallas Mavericks,113,Box Score,,
5 2 2014,10:30 pm,Houston Rockets,98,Portland Trail Blazers,99,Box Score,,
5 3 2014,5:30 pm,Atlanta Hawks,80,Indiana Pacers,92,Box Score,,
5 3 2014,10:30 pm,Golden State Warriors,121,Los Angeles Clippers,126,Box Score,,
5 3 2014,8:00 pm,Memphis Grizzlies,109,Oklahoma City Thunder,120,Box Score,,
5 4 2014,3:30 pm,Dallas Mavericks,96,San Antonio Spurs,119,Box Score,,
5 4 2014,1:00 pm,Brooklyn Nets,104,Toronto Raptors,103,Box Score,,
5 5 2014,7:00 pm,Washington Wizards,102,Indiana Pacers,96,Box Score,,
5 5 2014,9:42 pm,Los Angeles Clippers,122,Oklahoma City Thunder,105,Box Score,,
5 6 2014,7:00 pm,Brooklyn Nets,86,Miami Heat,107,Box Score,,
5 6 2014,9:30 pm,Portland Trail Blazers,92,San Antonio Spurs,116,Box Score,,
5 7 2014,7:00 pm,Washington Wizards,82,Indiana Pacers,86,Box Score,,
5 7 2014,9:30 pm,Los Angeles Clippers,101,Oklahoma City Thunder,112,Box Score,,
5 8 2014,7:00 pm,Brooklyn Nets,82,Miami Heat,94,Box Score,,
5 8 2014,9:30 pm,Portland Trail Blazers,97,San Antonio Spurs,114,Box Score,,
5 9 2014,10:30 pm,Oklahoma City Thunder,118,Los Angeles Clippers,112,Box Score,,
5 9 2014,8:00 pm,Indiana Pacers,85,Washington Wizards,63,Box Score,,
5 10 2014,8:00 pm,Miami Heat,90,Brooklyn Nets,104,Box Score,,
5 10 2014,10:30 pm,San Antonio Spurs,118,Portland Trail Blazers,103,Box Score,,
5 11 2014,3:30 pm,Oklahoma City Thunder,99,Los Angeles Clippers,101,Box Score,,
5 11 2014,8:00 pm,Indiana Pacers,95,Washington Wizards,92,Box Score,,
5 12 2014,8:00 pm,Miami Heat,102,Brooklyn Nets,96,Box Score,,
5 12 2014,10:30 pm,San Antonio Spurs,92,Portland Trail Blazers,103,Box Score,,
5 13 2014,7:00 pm,Washington Wizards,102,Indiana Pacers,79,Box Score,,
5 13 2014,9:30 pm,Los Angeles Clippers,104,Oklahoma City Thunder,105,Box Score,,
5 14 2014,7:00 pm,Brooklyn Nets,94,Miami Heat,96,Box Score,,
5 14 2014,9:30 pm,Portland Trail Blazers,82,San Antonio Spurs,104,Box Score,,
5 15 2014,10:30 pm,Oklahoma City Thunder,104,Los Angeles Clippers,98,Box Score,,
5 15 2014,8:00 pm,Indiana Pacers,93,Washington Wizards,80,Box Score,,
5 18 2014,3:30 pm,Miami Heat,96,Indiana Pacers,107,Box Score,,
5 19 2014,9:00 pm,Oklahoma City Thunder,105,San Antonio Spurs,122,Box Score,,
5 20 2014,8:30 pm,Miami Heat,87,Indiana Pacers,83,Box Score,,
5 21 2014,9:00 pm,Oklahoma City Thunder,77,San Antonio Spurs,112,Box Score,,
5 24 2014,8:30 pm,Indiana Pacers,87,Miami Heat,99,Box Score,,
5 25 2014,8:30 pm,San Antonio Spurs,97,Oklahoma City Thunder,106,Box Score,,
5 26 2014,8:30 pm,Indiana Pacers,90,Miami Heat,102,Box Score,,
5 27 2014,9:00 pm,San Antonio Spurs,92,Oklahoma City Thunder,105,Box Score,,
5 28 2014,8:30 pm,Miami Heat,90,Indiana Pacers,93,Box Score,,
5 29 2014,9:00 pm,Oklahoma City Thunder,89,San Antonio Spurs,117,Box Score,,
5 30 2014,8:30 pm,Indiana Pacers,92,Miami Heat,117,Box Score,,
5 31 2014,8:30 pm,San Antonio Spurs,112,Oklahoma City Thunder,107,Box Score,OT,
6 5 2014,9:00 pm,Miami Heat,95,San Antonio Spurs,110,Box Score,,
6 8 2014,8:00 pm,Miami Heat,98,San Antonio Spurs,96,Box Score,,
6 10 2014,9:00 pm,San Antonio Spurs,111,Miami Heat,92,Box Score,,
6 12 2014,9:00 pm,San Antonio Spurs,107,Miami Heat,86,Box Score,,
6 15 2014,8:00 pm,Miami Heat,87,San Antonio Spurs,104,Box Score,,
